IMDb Ranking,Title,Year Release,Age Rating,Runtime,IMDb Rating,Country,Director(s),Top Casts,Original Language,Budget,Gross (Worldwide),Poster,Movie URL
1,The Shawshank Redemption,1994,R,2 hours 22 minutes,9.3,United States,Frank Darabont,"Tim Robbins, Morgan Freeman, Bob Gunton, William Sadler, Clancy Brown",English,"$25,000,000 (estimated)","$29,333,735","https://m.media-amazon.com/images/M/MV5BMDAyY2FhYjctNDc5OS00MDNlLThiMGUtY2UxYWVkNGY2ZjljXkEyXkFqcGc@._V1_QL75_UX190_CR0,2,190,281_.jpg",https://www.imdb.com/title/tt0111161/
2,The Godfather,1972,R,2 hours 55 minutes,9.2,United States,Francis Ford Coppola,"Marlon Brando, Al Pacino, James Caan, Diane Keaton, Richard S. Castellano","English, Italian, Latin","$6,000,000 (estimated)","$250,342,198","https://m.media-amazon.com/images/M/MV5BNGEwYjgwOGQtYjg5ZS00Njc1LTk2ZGEtM2QwZWQ2NjdhZTE5XkEyXkFqcGc@._V1_QL75_UY281_CR4,0,190,281_.jpg",https://www.imdb.com/title/tt0068646/
3,The Dark Knight,2008,PG-13,2 hours 32 minutes,9.0,United States,Christopher Nolan,"Christian Bale, Heath Ledger, Aaron Eckhart, Michael Caine, Maggie Gyllenhaal","English, Mandarin","$185,000,000 (estimated)","$1,012,558,979","https://m.media-amazon.com/images/M/MV5BMTMxNTMwODM0NF5BMl5BanBnXkFtZTcwODAyMTk2Mw@@._V1_QL75_UX190_CR0,0,190,281_.jpg",https://www.imdb.com/title/tt0468569/
4,The Godfather Part II,1974,R,3 hours 22 minutes,9.0,United States,Francis Ford Coppola,"Al Pacino, Robert De Niro, Robert Duvall, Diane Keaton, John Cazale","English, Italian, Spanish, Latin, Sicilian","$13,000,000 (estimated)","$47,983,687","https://m.media-amazon.com/images/M/MV5BMDIxMzBlZDktZjMxNy00ZGI4LTgxNDEtYWRlNzRjMjJmOGQ1XkEyXkFqcGc@._V1_QL75_UX190_CR0,2,190,281_.jpg",https://www.imdb.com/title/tt0071562/
5,12 Angry Men,1957,Approved,1 hour 36 minutes,9.0,United States,Sidney Lumet,"Henry Fonda, Lee J. Cobb, Martin Balsam, John Fiedler, E.G. Marshall",English,"$350,000 (estimated)","$2,945","https://m.media-amazon.com/images/M/MV5BYjE4NzdmOTYtYjc5Yi00YzBiLWEzNDEtNTgxZGQ2MWVkN2NiXkEyXkFqcGc@._V1_QL75_UX190_CR0,6,190,281_.jpg",https://www.imdb.com/title/tt0050083/
6,The Lord of the Rings: The Return of the King,2003,PG-13,3 hours 21 minutes,9.0,New Zealand,Peter Jackson,"Elijah Wood, Viggo Mortensen, Ian McKellen, Orlando Bloom, Noel Appleby","English, Quenya, Old English, Sindarin","$94,000,000 (estimated)","$1,138,585,547","https://m.media-amazon.com/images/M/MV5BMTZkMjBjNWMtZGI5OC00MGU0LTk4ZTItODg2NWM3NTVmNWQ4XkEyXkFqcGc@._V1_QL75_UX190_CR0,0,190,281_.jpg",https://www.imdb.com/title/tt0167260/
7,Schindler's List,1993,R,3 hours 15 minutes,9.0,United States,Steven Spielberg,"Liam Neeson, Ralph Fiennes, Ben Kingsley, Caroline Goodall, Jonathan Sagall","English, Hebrew, German, Polish, Latin","$22,000,000 (estimated)","$322,161,245","https://m.media-amazon.com/images/M/MV5BNjM1ZDQxYWUtMzQyZS00MTE1LWJmZGYtNGUyNTdlYjM3ZmVmXkEyXkFqcGc@._V1_QL75_UX190_CR0,2,190,281_.jpg",https://www.imdb.com/title/tt0108052/
8,Pulp Fiction,1994,R,2 hours 34 minutes,8.9,United States,Quentin Tarantino,"John Travolta, Uma Thurman, Samuel L. Jackson, Bruce Willis, Tim Roth","English, Spanish, French","$8,000,000 (estimated)","$213,928,762","https://m.media-amazon.com/images/M/MV5BYTViYTE3ZGQtNDBlMC00ZTAyLTkyODMtZGRiZDg0MjA2YThkXkEyXkFqcGc@._V1_QL75_UY281_CR2,0,190,281_.jpg",https://www.imdb.com/title/tt0110912/
9,The Lord of the Rings: The Fellowship of the Ring,2001,PG-13,2 hours 58 minutes,8.9,New Zealand,Peter Jackson,"Elijah Wood, Ian McKellen, Orlando Bloom, Sean Bean, Alan Howard","English, Sindarin","$93,000,000 (estimated)","$888,483,037","https://m.media-amazon.com/images/M/MV5BNzIxMDQ2YTctNDY4MC00ZTRhLTk4ODQtMTVlOWY4NTdiYmMwXkEyXkFqcGc@._V1_QL75_UX190_CR0,0,190,281_.jpg",https://www.imdb.com/title/tt0120737/
10,"The Good, the Bad and the Ugly",1966,R,2 hours 58 minutes,8.8,Italy,Sergio Leone,"Clint Eastwood, Eli Wallach, Lee Van Cleef, Aldo Giuffrè, Luigi Pistilli","Italian, English","$1,200,000 (estimated)","$25,266,106","https://m.media-amazon.com/images/M/MV5BMWM5ZjQxM2YtNDlmYi00ZDNhLWI4MWUtN2VkYjBlMTY1ZTkwXkEyXkFqcGc@._V1_QL75_UX190_CR0,2,190,281_.jpg",https://www.imdb.com/title/tt0060196/
11,Forrest Gump,1994,PG-13,2 hours 22 minutes,8.8,United States,Robert Zemeckis,"Tom Hanks, Robin Wright, Gary Sinise, Sally Field, Rebecca Williams",English,"$55,000,000 (estimated)","$678,226,465","https://m.media-amazon.com/images/M/MV5BNDYwNzVjMTItZmU5YS00YjQ5LTljYjgtMjY2NDVmYWMyNWFmXkEyXkFqcGc@._V1_QL75_UY281_CR2,0,190,281_.jpg",https://www.imdb.com/title/tt0109830/
12,The Lord of the Rings: The Two Towers,2002,PG-13,2 hours 59 minutes,8.8,New Zealand,Peter Jackson,"Elijah Wood, Ian McKellen, Viggo Mortensen, Orlando Bloom, Bruce Allpress","English, Sindarin, Old English","$94,000,000 (estimated)","$938,532,865","https://m.media-amazon.com/images/M/MV5BMGQxMDdiOWUtYjc1Ni00YzM1LWE2NjMtZTg3Y2JkMjEzMTJjXkEyXkFqcGc@._V1_QL75_UX190_CR0,7,190,281_.jpg",https://www.imdb.com/title/tt0167261/
13,Fight Club,1999,R,2 hours 19 minutes,8.8,Germany,David Fincher,"Brad Pitt, Edward Norton, Meat Loaf, Zach Grenier, Richmond Arquette",English,"$63,000,000 (estimated)","$101,321,009","https://m.media-amazon.com/images/M/MV5BOTgyOGQ1NDItNGU3Ny00MjU3LTg2YWEtNmEyYjBiMjI1Y2M5XkEyXkFqcGc@._V1_QL75_UX190_CR0,2,190,281_.jpg",https://www.imdb.com/title/tt0137523/
14,Inception,2010,PG-13,2 hours 28 minutes,8.8,United States,Christopher Nolan,"Leonardo DiCaprio, Joseph Gordon-Levitt, Elliot Page, Ken Watanabe, Tom Hardy","English, Japanese, French","$160,000,000 (estimated)","$839,381,898","https://m.media-amazon.com/images/M/MV5BMjAxMzY3NjcxNF5BMl5BanBnXkFtZTcwNTI5OTM0Mw@@._V1_QL75_UX190_CR0,0,190,281_.jpg",https://www.imdb.com/title/tt1375666/
15,Star Wars: Episode V - The Empire Strikes Back,1980,PG,2 hours 4 minutes,8.7,United States,Irvin Kershner,"Mark Hamill, Harrison Ford, Carrie Fisher, Billy Dee Williams, Anthony Daniels",English,"$18,000,000 (estimated)","$550,016,086","https://m.media-amazon.com/images/M/MV5BMTkxNGFlNDktZmJkNC00MDdhLTg0MTEtZjZiYWI3MGE5NWIwXkEyXkFqcGc@._V1_QL75_UX190_CR0,7,190,281_.jpg",https://www.imdb.com/title/tt0080684/
16,The Matrix,1999,R,2 hours 16 minutes,8.7,United States,"Lana Wachowski, Lilly Wachowski","Keanu Reeves, Laurence Fishburne, Carrie-Anne Moss, Hugo Weaving, Gloria Foster",English,"$63,000,000 (estimated)","$467,841,735","https://m.media-amazon.com/images/M/MV5BN2NmN2VhMTQtMDNiOS00NDlhLTliMjgtODE2ZTY0ODQyNDRhXkEyXkFqcGc@._V1_QL75_UX190_CR0,2,190,281_.jpg",https://www.imdb.com/title/tt0133093/
17,Goodfellas,1990,R,2 hours 25 minutes,8.7,United States,Martin Scorsese,"Robert De Niro, Ray Liotta, Joe Pesci, Lorraine Bracco, Paul Sorvino","English, Italian, Hebrew, Yiddish","$25,000,000 (estimated)","$47,068,004","https://m.media-amazon.com/images/M/MV5BN2E5NzI2ZGMtY2VjNi00YTRjLWI1MDUtZGY5OWU1MWJjZjRjXkEyXkFqcGc@._V1_QL75_UX190_CR0,2,190,281_.jpg",https://www.imdb.com/title/tt0099685/
18,Interstellar,2014,PG-13,2 hours 49 minutes,8.7,United States,Christopher Nolan,"Matthew McConaughey, Anne Hathaway, Jessica Chastain, Mackenzie Foy, Ellen Burstyn",English,"$165,000,000 (estimated)","$758,614,115","https://m.media-amazon.com/images/M/MV5BYzdjMDAxZGItMjI2My00ODA1LTlkNzItOWFjMDU5ZDJlYWY3XkEyXkFqcGc@._V1_QL75_UX190_CR0,0,190,281_.jpg",https://www.imdb.com/title/tt0816692/
19,One Flew Over the Cuckoo's Nest,1975,R,2 hours 13 minutes,8.7,United States,Milos Forman,"Jack Nicholson, Louise Fletcher, Michael Berryman, Peter Brocco, Dean R. Brooks",English,"$3,000,000 (estimated)","$109,115,366","https://m.media-amazon.com/images/M/MV5BYjBkMjgzMzYtNzRiMS00NDc3LWE4YTUtZjYxYjZhNjNhYzhhXkEyXkFqcGc@._V1_QL75_UX190_CR0,0,190,281_.jpg",https://www.imdb.com/title/tt0073486/
20,Se7en,1995,R,2 hours 7 minutes,8.6,United States,David Fincher,"Morgan Freeman, Brad Pitt, Kevin Spacey, Andrew Kevin Walker, Daniel Zacapa",English,"$33,000,000 (estimated)","$328,981,827","https://m.media-amazon.com/images/M/MV5BY2IzNzMxZjctZjUxZi00YzAxLTk3ZjMtODFjODdhMDU5NDM1XkEyXkFqcGc@._V1_QL75_UX190_CR0,8,190,281_.jpg",https://www.imdb.com/title/tt0114369/
21,It's a Wonderful Life,1946,PG,2 hours 10 minutes,8.6,United States,Frank Capra,"James Stewart, Donna Reed, Lionel Barrymore, Thomas Mitchell, Henry Travers","English, French","$3,180,000 (estimated)","$10,635,461","https://m.media-amazon.com/images/M/MV5BMDM4OWFhYjEtNTE5Yy00NjcyLTg5N2UtZDQwNDZlYjlmNDU5XkEyXkFqcGc@._V1_QL75_UY281_CR2,0,190,281_.jpg",https://www.imdb.com/title/tt0038650/
22,The Silence of the Lambs,1991,R,1 hour 58 minutes,8.6,United States,Jonathan Demme,"Jodie Foster, Anthony Hopkins, Scott Glenn, Ted Levine, Anthony Heald","English, Latin","$19,000,000 (estimated)","$272,742,922","https://m.media-amazon.com/images/M/MV5BNDdhOGJhYzctYzYwZC00YmI2LWI0MjctYjg4ODdlMDExYjBlXkEyXkFqcGc@._V1_QL75_UY281_CR0,0,190,281_.jpg",https://www.imdb.com/title/tt0102926/
23,Seven Samurai,1954,Not Rated,3 hours 27 minutes,8.6,Japan,Akira Kurosawa,"Toshirô Mifune, Takashi Shimura, Keiko Tsushima, Yukiko Shimazaki, Kamatari Fujiwara",Japanese,"¥125,000,000 (estimated)","$1,082,148","https://m.media-amazon.com/images/M/MV5BZjliMWExOTMtZDQ3ZS00NWU3LWIyN2EtMjllNzk3ZTNlYzg4XkEyXkFqcGc@._V1_QL75_UY281_CR5,0,190,281_.jpg",https://www.imdb.com/title/tt0047478/
24,Saving Private Ryan,1998,R,2 hours 49 minutes,8.6,United States,Steven Spielberg,"Tom Hanks, Matt Damon, Tom Sizemore, Edward Burns, Barry Pepper","English, French, German, Czech","$70,000,000 (estimated)","$482,352,390","https://m.media-amazon.com/images/M/MV5BZGZhZGQ1ZWUtZTZjYS00MDJhLWFkYjctN2ZlYjE5NWYwZDM2XkEyXkFqcGc@._V1_QL75_UY281_CR1,0,190,281_.jpg",https://www.imdb.com/title/tt0120815/
25,City of God,2002,R,2 hours 10 minutes,8.6,Brazil,"Fernando Meirelles, Kátia Lund","Alexandre Rodrigues, Leandro Firmino, Matheus Nachtergaele, Phellipe Haagensen, Douglas Silva",Portuguese,"R$3,300,000 (estimated)","$30,681,033","https://m.media-amazon.com/images/M/MV5BYjY4NGI5OTUtY2ZlZS00Zjk4LTk5N2MtN2JmYWVjNGNmMGRlXkEyXkFqcGc@._V1_QL75_UY281_CR1,0,190,281_.jpg",https://www.imdb.com/title/tt0317248/
26,The Green Mile,1999,R,3 hours 9 minutes,8.6,United States,Frank Darabont,"Tom Hanks, Michael Clarke Duncan, David Morse, Bonnie Hunt, James Cromwell","English, French","$60,000,000 (estimated)","$286,801,374","https://m.media-amazon.com/images/M/MV5BMTUxMzQyNjA5MF5BMl5BanBnXkFtZTYwOTU2NTY3._V1_QL75_UX190_CR0,0,190,281_.jpg",https://www.imdb.com/title/tt0120689/
27,Life Is Beautiful,1997,PG-13,1 hour 56 minutes,8.6,Italy,Roberto Benigni,"Roberto Benigni, Nicoletta Braschi, Giorgio Cantarini, Giustino Durano, Sergio Bini Bustric","Italian, German, English","ITL 15,000,000,000 (estimated)","$230,099,013","https://m.media-amazon.com/images/M/MV5BZTBhOGYzZjQtYzE0Mi00MGIwLWE0MWYtNzMxNTM2OTFkM2NjXkEyXkFqcGc@._V1_QL75_UX190_CR0,1,190,281_.jpg",https://www.imdb.com/title/tt0118799/
28,Terminator 2: Judgment Day,1991,R,2 hours 17 minutes,8.6,United States,James Cameron,"Arnold Schwarzenegger, Linda Hamilton, Edward Furlong, Robert Patrick, Earl Boen","English, Spanish","$102,000,000 (estimated)","$517,778,573","https://m.media-amazon.com/images/M/MV5BNGMyMGNkMDUtMjc2Ni00NWFlLTgyODEtZTY2MzBiZTg0OWZiXkEyXkFqcGc@._V1_QL75_UX190_CR0,0,190,281_.jpg",https://www.imdb.com/title/tt0103064/
29,Star Wars: Episode IV - A New Hope,1977,PG,2 hours 1 minute,8.6,United States,George Lucas,"Mark Hamill, Harrison Ford, Carrie Fisher, Alec Guinness, Peter Cushing",English,"$11,000,000 (estimated)","$775,398,507","https://m.media-amazon.com/images/M/MV5BOGUwMDk0Y2MtNjBlNi00NmRiLTk2MWYtMGMyMDlhYmI4ZDBjXkEyXkFqcGc@._V1_QL75_UX190_CR0,5,190,281_.jpg",https://www.imdb.com/title/tt0076759/
30,Back to the Future,1985,PG,1 hour 56 minutes,8.5,United States,Robert Zemeckis,"Michael J. Fox, Christopher Lloyd, Lea Thompson, Crispin Glover, Tom Wilson",English,"$19,000,000 (estimated)","$385,053,307","https://m.media-amazon.com/images/M/MV5BZmM3ZjE0NzctNjBiOC00MDZmLTgzMTUtNGVlOWFlOTNiZDJiXkEyXkFqcGc@._V1_QL75_UX190_CR0,7,190,281_.jpg",https://www.imdb.com/title/tt0088763/
31,Spirited Away,2001,PG,2 hours 4 minutes,8.6,Japan,Hayao Miyazaki,"Daveigh Chase, Suzanne Pleshette, Miyu Irino, Rumi Hiiragi, Mari Natsuki","Japanese, English","$19,000,000 (estimated)","$358,926,964","https://m.media-amazon.com/images/M/MV5BNTEyNmEwOWUtYzkyOC00ZTQ4LTllZmUtMjk0Y2YwOGUzYjRiXkEyXkFqcGc@._V1_QL75_UX190_CR0,0,190,281_.jpg",https://www.imdb.com/title/tt0245429/
32,The Pianist,2002,R,2 hours 30 minutes,8.5,France,Roman Polanski,"Adrien Brody, Thomas Kretschmann, Frank Finlay, Emilia Fox, Michal Zebrowski","English, German, Russian","$35,000,000 (estimated)","$120,098,945","https://m.media-amazon.com/images/M/MV5BMjEwNmEwYjgtNTk3ZC00NjljLTg5ZDctZTY3ZGQwZjRkZmQxXkEyXkFqcGc@._V1_QL75_UY281_CR7,0,190,281_.jpg",https://www.imdb.com/title/tt0253474/
33,Gladiator,2000,R,2 hours 35 minutes,8.5,United States,Ridley Scott,"Russell Crowe, Joaquin Phoenix, Connie Nielsen, Oliver Reed, Richard Harris",English,"$103,000,000 (estimated)","$465,516,248","https://m.media-amazon.com/images/M/MV5BYWQ4YmNjYjEtOWE1Zi00Y2U4LWI4NTAtMTU0MjkxNWQ1ZmJiXkEyXkFqcGc@._V1_QL75_UX190_CR0,0,190,281_.jpg",https://www.imdb.com/title/tt0172495/
34,Parasite,2019,R,2 hours 12 minutes,8.5,South Korea,Bong Joon Ho,"Song Kang-ho, Lee Sun-kyun, Cho Yeo-jeong, Choi Woo-sik, Park So-dam","Korean, English","$11,400,000 (estimated)","$262,616,458","https://m.media-amazon.com/images/M/MV5BYjk1Y2U4MjQtY2ZiNS00OWQyLWI3MmYtZWUwNmRjYWRiNWNhXkEyXkFqcGc@._V1_QL75_UX190_CR0,0,190,281_.jpg",https://www.imdb.com/title/tt6751668/
35,Psycho,1960,R,1 hour 49 minutes,8.5,United States,Alfred Hitchcock,"Anthony Perkins, Janet Leigh, Vera Miles, John Gavin, Martin Balsam",English,"$806,947 (estimated)","$32,251,723","https://m.media-amazon.com/images/M/MV5BYjZhMzFiZjItODA3ZC00MmRhLWIzMGYtMmVjOWUwYTA3MTRjXkEyXkFqcGc@._V1_QL75_UX190_CR0,0,190,281_.jpg",https://www.imdb.com/title/tt0054215/
36,The Lion King,1994,G,1 hour 28 minutes,8.5,United States,"Roger Allers, Rob Minkoff","Matthew Broderick, Jeremy Irons, James Earl Jones, Whoopi Goldberg, Rowan Atkinson","English, Swahili, Xhosa, Zulu","$45,000,000 (estimated)","$979,161,373","https://m.media-amazon.com/images/M/MV5BZGRiZDZhZjItM2M3ZC00Y2IyLTk3Y2MtMWY5YjliNDFkZTJlXkEyXkFqcGc@._V1_QL75_UX190_CR0,0,190,281_.jpg",https://www.imdb.com/title/tt0110357/
37,Grave of the Fireflies,1988,Not Rated,1 hour 28 minutes,8.5,Japan,Isao Takahata,"Tsutomu Tatsumi, Ayano Shiraishi, Akemi Yamaguchi, Yoshiko Shinohara, Kôzô Hashida",Japanese,"$3,700,000 (estimated)","$841,612","https://m.media-amazon.com/images/M/MV5BNTY5MmE2OGMtN2IxNC00MDY4LTkwMGEtZDUzOTYyNWE0ZTNjXkEyXkFqcGc@._V1_QL75_UX190_CR0,2,190,281_.jpg",https://www.imdb.com/title/tt0095327/
38,The Departed,2006,R,2 hours 31 minutes,8.5,United States,Martin Scorsese,"Leonardo DiCaprio, Matt Damon, Jack Nicholson, Mark Wahlberg, Martin Sheen","English, Cantonese","$90,000,000 (estimated)","$291,481,358","https://m.media-amazon.com/images/M/MV5BMTI1MTY2OTIxNV5BMl5BanBnXkFtZTYwNjQ4NjY3._V1_QL75_UY281_CR0,0,190,281_.jpg",https://www.imdb.com/title/tt0407887/
39,Whiplash,2014,R,1 hour 46 minutes,8.5,United States,Damien Chazelle,"Miles Teller, J.K. Simmons, Melissa Benoist, Paul Reiser, Austin Stowell",English,"$3,300,000 (estimated)","$50,360,880","https://m.media-amazon.com/images/M/MV5BMDFjOWFkYzktYzhhMC00NmYyLTkwY2EtYjViMDhmNzg0OGFkXkEyXkFqcGc@._V1_QL75_UX190_CR0,0,190,281_.jpg",https://www.imdb.com/title/tt2582802/
40,Harakiri,1962,Not Rated,2 hours 13 minutes,8.6,Japan,Masaki Kobayashi,"Tatsuya Nakadai, Akira Ishihama, Shima Iwashita, Tetsurô Tanba, Masao Mishima",Japanese,N/A,"$15,222","https://m.media-amazon.com/images/M/MV5BZThiZjU5ZDQtZDI4Mi00ZGYyLTkzOTktYmIzZTFlZTkxYzg5XkEyXkFqcGc@._V1_QL75_UY281_CR3,0,190,281_.jpg",https://www.imdb.com/title/tt0056058/
41,The Prestige,2006,PG-13,2 hours 10 minutes,8.5,United Kingdom,Christopher Nolan,"Christian Bale, Hugh Jackman, Scarlett Johansson, Michael Caine, Piper Perabo",English,"$40,000,000 (estimated)","$109,676,311","https://m.media-amazon.com/images/M/MV5BMjA4NDI0MTIxNF5BMl5BanBnXkFtZTYwNTM0MzY2._V1_QL75_UX190_CR0,0,190,281_.jpg",https://www.imdb.com/title/tt0482571/
42,American History X,1998,R,1 hour 59 minutes,8.5,United States,Tony Kaye,"Edward Norton, Edward Furlong, Beverly D'Angelo, Jennifer Lien, Ethan Suplee",English,"$20,000,000 (estimated)","$23,875,714","https://m.media-amazon.com/images/M/MV5BMzhiOTQ0NDItOTg0Zi00OGVmLWE0OGEtMTI4NDM0NWMxZWU4XkEyXkFqcGc@._V1_QL75_UX190_CR0,0,190,281_.jpg",https://www.imdb.com/title/tt0120586/
43,Léon: The Professional,1994,R,1 hour 50 minutes,8.5,France,Luc Besson,"Jean Reno, Gary Oldman, Natalie Portman, Danny Aiello, Peter Appel","English, Italian, French","$16,000,000 (estimated)","$20,330,788","https://m.media-amazon.com/images/M/MV5BNGRkYTNhOWQtYmI0Ni00MjZhLWJmMzAtMTA2Mjg4NGNiNDU0XkEyXkFqcGc@._V1_QL75_UX190_CR0,1,190,281_.jpg",https://www.imdb.com/title/tt0110413/
44,Spider-Man: Across the Spider-Verse,2023,PG,2 hours 20 minutes,8.5,United States,"Joaquim Dos Santos, Kemp Powers, Justin K. Thompson","Shameik Moore, Hailee Steinfeld, Brian Tyree Henry, Luna Lauren Velez, Jake Johnson",English,"$100,000,000 (estimated)","$690,824,738","https://m.media-amazon.com/images/M/MV5BNThiZjA3MjItZGY5Ni00ZmJhLWEwN2EtOTBlYTA4Y2E0M2ZmXkEyXkFqcGc@._V1_QL75_UX190_CR0,0,190,281_.jpg",https://www.imdb.com/title/tt9362722/
45,Casablanca,1942,PG,1 hour 42 minutes,8.5,United States,Michael Curtiz,"Humphrey Bogart, Ingrid Bergman, Paul Henreid, Claude Rains, Conrad Veidt","English, French, German, Italian, Russian","$950,000 (estimated)","$4,729,846","https://m.media-amazon.com/images/M/MV5BNWEzN2U1YTYtYTQyMS00NTVkLWE2NGQtZWFlMmM0MDNjMmRiXkEyXkFqcGc@._V1_QL75_UX190_CR0,3,190,281_.jpg",https://www.imdb.com/title/tt0034583/
46,The Usual Suspects,1995,R,1 hour 46 minutes,8.5,United States,Bryan Singer,"Kevin Spacey, Gabriel Byrne, Chazz Palminteri, Stephen Baldwin, Benicio Del Toro","English, Hungarian, Spanish, French","$6,000,000 (estimated)","$23,341,568","https://m.media-amazon.com/images/M/MV5BOTE5MDUxZDUtZWZmZC00NDVmLWFhOGQtNWI2YTc4NzY3MGQ0XkEyXkFqcGc@._V1_QL75_UX190_CR0,1,190,281_.jpg",https://www.imdb.com/title/tt0114814/
47,The Intouchables,2011,R,1 hour 52 minutes,8.5,France,"Olivier Nakache, Éric Toledano","François Cluzet, Omar Sy, Anne Le Ny, Audrey Fleurot, Joséphine de Meaux","French, English","€9,500,000 (estimated)","$426,590,315","https://m.media-amazon.com/images/M/MV5BMTYxNDA3MDQwNl5BMl5BanBnXkFtZTcwNTU4Mzc1Nw@@._V1_QL75_UX190_CR0,0,190,281_.jpg",https://www.imdb.com/title/tt1675434/
48,Cinema Paradiso,1988,PG,2 hours 54 minutes,8.5,Italy,Giuseppe Tornatore,"Philippe Noiret, Enzo Cannavale, Antonella Attili, Isa Danieli, Leo Gullotta",Italian,"$5,000,000 (estimated)","$13,030,027","https://m.media-amazon.com/images/M/MV5BMTljNzc4YWEtYTZlMS00ODMyLWIwMTAtNWQxY2VkMDEwYTk5XkEyXkFqcGc@._V1_QL75_UX190_CR0,0,190,281_.jpg",https://www.imdb.com/title/tt0095765/
49,Alien,1979,R,1 hour 57 minutes,8.5,United Kingdom,Ridley Scott,"Sigourney Weaver, Tom Skerritt, John Hurt, Veronica Cartwright, Harry Dean Stanton",English,"$11,000,000 (estimated)","$109,102,567","https://m.media-amazon.com/images/M/MV5BN2NhMDk2MmEtZDQzOC00MmY5LThhYzAtMDdjZGFjOGZjMjdjXkEyXkFqcGc@._V1_QL75_UX190_CR0,3,190,281_.jpg",https://www.imdb.com/title/tt0078748/
50,Modern Times,1936,G,1 hour 27 minutes,8.5,United States,Charles Chaplin,"Charles Chaplin, Paulette Goddard, Henry Bergman, Tiny Sandford, Chester Conklin",English,"$1,500,000 (estimated)","$463,618","https://m.media-amazon.com/images/M/MV5BODVkZGFhNGQtYjdiYi00Njc4LWFmYTItNTlmNzJjMTg1ZDc5XkEyXkFqcGc@._V1_QL75_UX190_CR0,0,190,281_.jpg",https://www.imdb.com/title/tt0027977/
51,Rear Window,1954,PG,1 hour 52 minutes,8.5,United States,Alfred Hitchcock,"James Stewart, Grace Kelly, Wendell Corey, Thelma Ritter, Raymond Burr",English,"$1,000,000 (estimated)","$37,905,475","https://m.media-amazon.com/images/M/MV5BODZhOWI1ODgtMzdiOS00YjNkLTgwOGUtYmIyZDg5ZmQwMzQ1XkEyXkFqcGc@._V1_QL75_UY281_CR1,0,190,281_.jpg",https://www.imdb.com/title/tt0047396/
52,Once Upon a Time in the West,1968,PG-13,2 hours 46 minutes,8.5,Italy,Sergio Leone,"Henry Fonda, Charles Bronson, Claudia Cardinale, Jason Robards, Gabriele Ferzetti","Italian, English, Spanish","$5,000,000 (estimated)","$5,435,312","https://m.media-amazon.com/images/M/MV5BZjYyNGY1MDEtN2I1MC00MGVhLTljZTYtODQ1NzQ0ODc2NzZlXkEyXkFqcGc@._V1_QL75_UX190_CR0,1,190,281_.jpg",https://www.imdb.com/title/tt0064116/
53,Django Unchained,2012,R,2 hours 45 minutes,8.5,United States,Quentin Tarantino,"Jamie Foxx, Christoph Waltz, Leonardo DiCaprio, Kerry Washington, Samuel L. Jackson","English, German, French, Italian","$100,000,000 (estimated)","$426,076,293","https://m.media-amazon.com/images/M/MV5BMjIyNTQ5NjQ1OV5BMl5BanBnXkFtZTcwODg1MDU4OA@@._V1_QL75_UX190_CR0,0,190,281_.jpg",https://www.imdb.com/title/tt1853728/
54,City Lights,1931,G,1 hour 27 minutes,8.5,United States,Charles Chaplin,"Charles Chaplin, Virginia Cherrill, Florence Lee, Harry Myers, Al Ernest Garcia","None, English","$1,500,000 (estimated)","$55,154","https://m.media-amazon.com/images/M/MV5BM2U4NjgzODUtODkyOC00YTE2LTlhNTItYzFlYmM1NTEzZDA2XkEyXkFqcGc@._V1_QL75_UX190_CR0,2,190,281_.jpg",https://www.imdb.com/title/tt0021749/
55,Apocalypse Now,1979,R,2 hours 27 minutes,8.4,United States,Francis Ford Coppola,"Martin Sheen, Marlon Brando, Robert Duvall, Frederic Forrest, Sam Bottoms","English, French, Vietnamese","$31,500,000 (estimated)","$105,119,378","https://m.media-amazon.com/images/M/MV5BZDhiMTljYjYtODc1Yy00MmEwLTg2OTYtYmE1YTRmNDE4MmEwXkEyXkFqcGc@._V1_QL75_UX190_CR0,5,190,281_.jpg",https://www.imdb.com/title/tt0078788/
56,Dune: Part Two,2024,PG-13,2 hours 46 minutes,8.5,United States,Denis Villeneuve,"Timothée Chalamet, Zendaya, Rebecca Ferguson, Javier Bardem, Josh Brolin",English,"$190,000,000 (estimated)","$714,644,358","https://m.media-amazon.com/images/M/MV5BNTc0YmQxMjEtODI5MC00NjFiLTlkMWUtOGQ5NjFmYWUyZGJhXkEyXkFqcGc@._V1_QL75_UX190_CR0,0,190,281_.jpg",https://www.imdb.com/title/tt15239678/
57,WALL·E,2008,G,1 hour 38 minutes,8.4,United States,Andrew Stanton,"Ben Burtt, Elissa Knight, Jeff Garlin, Fred Willard, MacInTalk",English,"$180,000,000 (estimated)","$527,403,656","https://m.media-amazon.com/images/M/MV5BMjExMTg5OTU0NF5BMl5BanBnXkFtZTcwMjMxMzMzMw@@._V1_QL75_UX190_CR0,0,190,281_.jpg",https://www.imdb.com/title/tt0910970/
58,Memento,2000,R,1 hour 53 minutes,8.4,United States,Christopher Nolan,"Guy Pearce, Carrie-Anne Moss, Joe Pantoliano, Mark Boone Junior, Russ Fega",English,"$9,000,000 (estimated)","$40,047,236","https://m.media-amazon.com/images/M/MV5BYmQ3MjliNjAtNWFiZS00YWI1LTlmZTktMzBiNDE1NjRhZjU0XkEyXkFqcGc@._V1_QL75_UY281_CR1,0,190,281_.jpg",https://www.imdb.com/title/tt0209144/
59,Raiders of the Lost Ark,1981,PG,1 hour 55 minutes,8.4,United States,Steven Spielberg,"Harrison Ford, Karen Allen, Paul Freeman, John Rhys-Davies, Ronald Lacey","English, German, Spanish, Nepali, Hebrew, Arabic","$18,000,000 (estimated)","$389,925,971","https://m.media-amazon.com/images/M/MV5BOGNhMjg2ZjgtYzk4Ni00MTViLTg1MmUtYzM2MDZiYjZlMmU3XkEyXkFqcGc@._V1_QL75_UY281_CR1,0,190,281_.jpg",https://www.imdb.com/title/tt0082971/
60,The Lives of Others,2006,R,2 hours 17 minutes,8.4,Germany,Florian Henckel von Donnersmarck,"Ulrich Mühe, Martina Gedeck, Sebastian Koch, Ulrich Tukur, Thomas Thieme",German,"$2,000,000 (estimated)","$77,672,685","https://m.media-amazon.com/images/M/MV5BYjM1N2Q0YWEtN2E5MC00NDM3LTk2NTEtMTc1NTk5OTA5ZGIzXkEyXkFqcGc@._V1_QL75_UX190_CR0,1,190,281_.jpg",https://www.imdb.com/title/tt0405094/
61,Avengers: Infinity War,2018,PG-13,2 hours 29 minutes,8.4,United States,"Anthony Russo, Joe Russo","Robert Downey Jr., Chris Hemsworth, Mark Ruffalo, Chris Evans, Scarlett Johansson",English,"$321,000,000 (estimated)","$2,052,415,039","https://m.media-amazon.com/images/M/MV5BMjMxNjY2MDU1OV5BMl5BanBnXkFtZTgwNzY1MTUwNTM@._V1_QL75_UX190_CR0,0,190,281_.jpg",https://www.imdb.com/title/tt4154756/
62,Sunset Boulevard,1950,Approved,1 hour 50 minutes,8.4,United States,Billy Wilder,"William Holden, Gloria Swanson, Erich von Stroheim, Nancy Olson, Fred Clark",English,"$1,752,000 (estimated)","$310,112","https://m.media-amazon.com/images/M/MV5BMTU0NTkyNzYwMF5BMl5BanBnXkFtZTgwMDU0NDk5MTI@._V1_QL75_UX190_CR0,2,190,281_.jpg",https://www.imdb.com/title/tt0043014/
63,Spider-Man: Into the Spider-Verse,2018,PG,1 hour 57 minutes,8.4,Canada,"Bob Persichetti, Peter Ramsey, Rodney Rothman","Shameik Moore, Jake Johnson, Hailee Steinfeld, Mahershala Ali, Brian Tyree Henry","English, Spanish","$90,000,000 (estimated)","$393,602,435","https://m.media-amazon.com/images/M/MV5BMjMwNDkxMTgzOF5BMl5BanBnXkFtZTgwNTkwNTQ3NjM@._V1_QL75_UX190_CR0,0,190,281_.jpg",https://www.imdb.com/title/tt4633694/
64,Witness for the Prosecution,1957,Approved,1 hour 56 minutes,8.4,United States,Billy Wilder,"Tyrone Power, Marlene Dietrich, Charles Laughton, Elsa Lanchester, John Williams","English, German","$3,000,000 (estimated)","$7,903","https://m.media-amazon.com/images/M/MV5BNjRhNTQzMzQtMWViMi00ODQ1LTg0MTEtYWE4ZWZlYjM4YjJhXkEyXkFqcGc@._V1_QL75_UX190_CR0,5,190,281_.jpg",https://www.imdb.com/title/tt0051201/
65,Paths of Glory,1957,Approved,1 hour 28 minutes,8.4,United States,Stanley Kubrick,"Kirk Douglas, Ralph Meeker, Adolphe Menjou, George Macready, Wayne Morris","English, German, Latin","$935,000 (estimated)","$8,290","https://m.media-amazon.com/images/M/MV5BNmQ2NmI2ODYtMDQzNS00NzQyLTkzZjgtZmZlYTQ5MTc1OWU3XkEyXkFqcGc@._V1_QL75_UX190_CR0,5,190,281_.jpg",https://www.imdb.com/title/tt0050825/
66,The Shining,1980,R,2 hours 26 minutes,8.4,United Kingdom,Stanley Kubrick,"Jack Nicholson, Shelley Duvall, Danny Lloyd, Scatman Crothers, Barry Nelson",English,"$19,000,000 (estimated)","$47,964,195","https://m.media-amazon.com/images/M/MV5BNmM5ZThhY2ItOGRjOS00NzZiLWEwYTItNDgyMjFkOTgxMmRiXkEyXkFqcGc@._V1_QL75_UX190_CR0,4,190,281_.jpg",https://www.imdb.com/title/tt0081505/
67,The Great Dictator,1940,G,2 hours 5 minutes,8.4,United States,Charles Chaplin,"Charles Chaplin, Paulette Goddard, Jack Oakie, Reginald Gardiner, Henry Daniell","English, Esperanto, Latin","$2,000,000 (estimated)","$972,212","https://m.media-amazon.com/images/M/MV5BMjc4ZjEwNDUtMjlmZS00NzQ4LTg2N2MtMGI3ZjMyMmM3ZDM2XkEyXkFqcGc@._V1_QL75_UX190_CR0,0,190,281_.jpg",https://www.imdb.com/title/tt0032553/
68,12th Fail,2023,2h 27m,2 hours 27 minutes,8.7,India,Vidhu Vinod Chopra,"Vikrant Massey, Medha Shankr, Anant Joshi, Anshuman Pushkar, Geeta Agrawal Sharma",Hindi,N/A,"$138,288","https://m.media-amazon.com/images/M/MV5BNTE3OTIxZDYtNjA0NC00N2YxLTg1NGQtOTYxNmZkMDkwOWNjXkEyXkFqcGc@._V1_QL75_UY281_CR12,0,190,281_.jpg",https://www.imdb.com/title/tt23849204/
69,Inglourious Basterds,2009,R,2 hours 33 minutes,8.4,United States,Quentin Tarantino,"Brad Pitt, Diane Kruger, Eli Roth, Mélanie Laurent, Christoph Waltz","English, German, French, Italian","$70,000,000 (estimated)","$321,460,744","https://m.media-amazon.com/images/M/MV5BODZhMWJlNjYtNDExNC00MTIzLTllM2ItOGQ2NGVjNDQ3MzkzXkEyXkFqcGc@._V1_QL75_UX190_CR0,0,190,281_.jpg",https://www.imdb.com/title/tt0361748/
70,Aliens,1986,R,2 hours 17 minutes,8.4,United Kingdom,James Cameron,"Sigourney Weaver, Michael Biehn, Carrie Henn, Paul Reiser, Lance Henriksen","English, Spanish","$18,500,000 (estimated)","$131,060,248","https://m.media-amazon.com/images/M/MV5BZjIyNGJhYzYtN2I1My00OTVhLWEyMzItZTVjNDMzOTVkYWViXkEyXkFqcGc@._V1_QL75_UX190_CR0,3,190,281_.jpg",https://www.imdb.com/title/tt0090605/
71,The Dark Knight Rises,2012,PG-13,2 hours 44 minutes,8.4,United States,Christopher Nolan,"Christian Bale, Tom Hardy, Anne Hathaway, Gary Oldman, Joseph Gordon-Levitt","English, Arabic","$250,000,000 (estimated)","$1,114,976,407","https://m.media-amazon.com/images/M/MV5BMTk4ODQzNDY3Ml5BMl5BanBnXkFtZTcwODA0NTM4Nw@@._V1_QL75_UX190_CR0,0,190,281_.jpg",https://www.imdb.com/title/tt1345836/
72,Coco,2017,PG,1 hour 45 minutes,8.4,United States,"Lee Unkrich, Adrian Molina","Anthony Gonzalez, Gael García Bernal, Benjamin Bratt, Alanna Ubach, Renee Victor","English, Spanish","$175,000,000 (estimated)","$814,641,172","https://m.media-amazon.com/images/M/MV5BMDIyM2E2NTAtMzlhNy00ZGUxLWI1NjgtZDY5MzhiMDc5NGU3XkEyXkFqcGc@._V1_QL75_UY281_CR4,0,190,281_.jpg",https://www.imdb.com/title/tt2380307/
73,Amadeus,1984,PG,2 hours 40 minutes,8.4,United States,Milos Forman,"F. Murray Abraham, Tom Hulce, Elizabeth Berridge, Roy Dotrice, Simon Callow","English, Italian, Latin, German, French","$18,000,000 (estimated)","$52,114,930","https://m.media-amazon.com/images/M/MV5BMzc2MjM0NTMtOGY4NC00NzY1LWE2ODUtZjMzY2RhNGNkZDAyXkEyXkFqcGc@._V1_QL75_UX190_CR0,7,190,281_.jpg",https://www.imdb.com/title/tt0086879/
74,Toy Story,1995,G,1 hour 21 minutes,8.3,United States,John Lasseter,"Tom Hanks, Tim Allen, Don Rickles, Jim Varney, Wallace Shawn",English,"$30,000,000 (estimated)","$394,436,586","https://m.media-amazon.com/images/M/MV5BZTA3OWVjOWItNjE1NS00NzZiLWE1MjgtZDZhMWI1ZTlkNzYwXkEyXkFqcGc@._V1_QL75_UX190_CR0,1,190,281_.jpg",https://www.imdb.com/title/tt0114709/
75,Avengers: Endgame,2019,PG-13,3 hours 1 minute,8.4,United States,"Anthony Russo, Joe Russo","Robert Downey Jr., Chris Evans, Mark Ruffalo, Chris Hemsworth, Scarlett Johansson","English, Japanese, Xhosa, German","$356,000,000 (estimated)","$2,799,439,100","https://m.media-amazon.com/images/M/MV5BMTc5MDE2ODcwNV5BMl5BanBnXkFtZTgwMzI2NzQ2NzM@._V1_QL75_UX190_CR0,0,190,281_.jpg",https://www.imdb.com/title/tt4154796/
76,Good Will Hunting,1997,R,2 hours 6 minutes,8.3,United States,Gus Van Sant,"Robin Williams, Matt Damon, Ben Affleck, Stellan Skarsgård, John Mighton",English,"$10,000,000 (estimated)","$225,933,435","https://m.media-amazon.com/images/M/MV5BNDdjZGQ5YzEtNTc2My00Mjc0LWFlMTctYzkwMzZlNzdiZWYzXkEyXkFqcGc@._V1_QL75_UX190_CR0,4,190,281_.jpg",https://www.imdb.com/title/tt0119217/
77,Oldboy,2003,R,2 hours,8.3,South Korea,Park Chan-wook,"Choi Min-sik, Yoo Ji-tae, Kang Hye-jeong, Kim Byeong-Ok, Ji Dae-han",Korean,"$3,000,000 (estimated)","$17,617,021","https://m.media-amazon.com/images/M/MV5BMTI3NTQyMzU5M15BMl5BanBnXkFtZTcwMTM2MjgyMQ@@._V1_QL75_UX190_CR0,0,190,281_.jpg",https://www.imdb.com/title/tt0364569/
78,Dr. Strangelove or: How I Learned to Stop Worrying and Love the Bomb,1964,PG,1 hour 35 minutes,8.3,United Kingdom,Stanley Kubrick,"Peter Sellers, George C. Scott, Sterling Hayden, Keenan Wynn, Slim Pickens","English, Russian","$1,800,000 (estimated)","$9,631,984","https://m.media-amazon.com/images/M/MV5BMjFjYzBlOTktMTI2OS00ZWVhLTgxMDUtNzAwODY2NmI3YTAzXkEyXkFqcGc@._V1_QL75_UX190_CR0,7,190,281_.jpg",https://www.imdb.com/title/tt0057012/
79,Das Boot,1981,2h 29m,2 hours 29 minutes,8.4,West Germany,Wolfgang Petersen,"Jürgen Prochnow, Herbert Grönemeyer, Klaus Wennemann, Hubertus Bengsch, Martin Semmelrogge","German, English, French","DEM 32,000,000 (estimated)","$11,489,051","https://m.media-amazon.com/images/M/MV5BNGU0MWZlMTUtM2Y3Ny00NGNmLWE5NmEtN2YxOWQzMGM3ZWYzXkEyXkFqcGc@._V1_QL75_UX190_CR0,3,190,281_.jpg",https://www.imdb.com/title/tt0082096/
80,Braveheart,1995,R,2 hours 58 minutes,8.3,United States,Mel Gibson,"Mel Gibson, Sophie Marceau, Patrick McGoohan, Angus Macfadyen, James Robinson","English, French, Latin, Gaelic, Italian","$72,000,000 (estimated)","$213,216,216","https://m.media-amazon.com/images/M/MV5BNGMxZDBhNGQtYTZlNi00N2UzLWI4NDEtNmUzNWM2NTdmZDA0XkEyXkFqcGc@._V1_QL75_UY281_CR0,0,190,281_.jpg",https://www.imdb.com/title/tt0112573/
81,American Beauty,1999,R,2 hours 2 minutes,8.3,United States,Sam Mendes,"Kevin Spacey, Annette Bening, Thora Birch, Wes Bentley, Mena Suvari",English,"$15,000,000 (estimated)","$356,296,601","https://m.media-amazon.com/images/M/MV5BMDI1MDE0OTMtMmI2MS00Yjc2LTg2MTItMWExYTg5NzA1OGUzXkEyXkFqcGc@._V1_QL75_UX190_CR0,0,190,281_.jpg",https://www.imdb.com/title/tt0169547/
82,Princess Mononoke,1997,PG-13,2 hours 13 minutes,8.3,Japan,Hayao Miyazaki,"Yôji Matsuda, Yuriko Ishida, Yûko Tanaka, Billy Crudup, Billy Bob Thornton",Japanese,"¥2,400,000,000 (estimated)","$177,402,188","https://m.media-amazon.com/images/M/MV5BNjAzODViNGEtMjBkYi00N2U5LWJjNjAtY2U0MGJhZTEwOTU0XkEyXkFqcGc@._V1_QL75_UX190_CR0,0,190,281_.jpg",https://www.imdb.com/title/tt0119698/
83,High and Low,1963,Not Rated,2 hours 23 minutes,8.4,Japan,Akira Kurosawa,"Toshirô Mifune, Yutaka Sada, Tatsuya Nakadai, Kyôko Kagawa, Tatsuya Mihashi",Japanese,"¥230,000,000 (estimated)","$64,503","https://m.media-amazon.com/images/M/MV5BMGJiNzllYjktODAzNS00OGUzLTlmY2MtMjA2ZTZhYTY1OTc4XkEyXkFqcGc@._V1_QL75_UX190_CR0,2,190,281_.jpg",https://www.imdb.com/title/tt0057565/
84,Your Name.,2016,1h 46m,1 hour 46 minutes,8.4,Japan,Makoto Shinkai,"Ryûnosuke Kamiki, Mone Kamishiraishi, Ryo Narita, Aoi Yûki, Nobunaga Shimazaki",Japanese,"¥370,000,000 (estimated)","$405,340,703","https://m.media-amazon.com/images/M/MV5BMjI1ODZkYTgtYTY3Yy00ZTJkLWFkOTgtZDUyYWM4MzQwNjk0XkEyXkFqcGc@._V1_QL75_UX190_CR0,0,190,281_.jpg",https://www.imdb.com/title/tt5311514/
85,3 Idiots,2009,PG-13,2 hours 50 minutes,8.4,India,Rajkumar Hirani,"Aamir Khan, Madhavan, Mona Singh, Sharman Joshi, Kareena Kapoor","Hindi, English","₹550,000,000 (estimated)","$60,262,836","https://m.media-amazon.com/images/M/MV5BNzc4ZWQ3NmYtODE0Ny00YTQ4LTlkZWItNTBkMGQ0MmUwMmJlXkEyXkFqcGc@._V1_QL75_UY281_CR3,0,190,281_.jpg",https://www.imdb.com/title/tt1187043/
86,Joker,2019,R,2 hours 2 minutes,8.3,United States,Todd Phillips,"Joaquin Phoenix, Robert De Niro, Zazie Beetz, Frances Conroy, Brett Cullen","English, German","$55,000,000 (estimated)","$1,078,958,629","https://m.media-amazon.com/images/M/MV5BNzY3OWQ5NDktNWQ2OC00ZjdlLThkMmItMDhhNDk3NTFiZGU4XkEyXkFqcGc@._V1_QL75_UX190_CR0,0,190,281_.jpg",https://www.imdb.com/title/tt7286456/
87,Once Upon a Time in America,1984,R,3 hours 49 minutes,8.3,Italy,Sergio Leone,"Robert De Niro, James Woods, Elizabeth McGovern, Treat Williams, Tuesday Weld","English, Italian, French, Yiddish, Hebrew","$30,000,000 (estimated)","$5,476,126","https://m.media-amazon.com/images/M/MV5BMDQ0ZTg2OGUtZjMyOC00M2M5LThkMmItZmM2MmUzMmIxMWJhXkEyXkFqcGc@._V1_QL75_UX190_CR0,2,190,281_.jpg",https://www.imdb.com/title/tt0087843/
88,Capernaum,2018,R,2 hours 6 minutes,8.4,Lebanon,Nadine Labaki,"Zain Al Rafeea, Yordanos Shiferaw, Boluwatife Treasure Bankole, Kawsar Al Haddad, Fadi Yousef","Arabic, Amharic","$4,000,000 (estimated)","$64,417,003","https://m.media-amazon.com/images/M/MV5BYzEyMzQ1OTktZTljZi00OWQzLWE2ZmUtZjQyNzBjYjE1NTc0XkEyXkFqcGc@._V1_QL75_UY281_CR1,0,190,281_.jpg",https://www.imdb.com/title/tt8267604/
89,Singin' in the Rain,1952,G,1 hour 43 minutes,8.3,United States,"Stanley Donen, Gene Kelly","Gene Kelly, Donald O'Connor, Debbie Reynolds, Jean Hagen, Millard Mitchell",English,"$2,540,800 (estimated)","$2,096,442","https://m.media-amazon.com/images/M/MV5BMGQzZDFjZWUtZDU4ZS00ZjM3LTgyYmItYjA3YmIwYzRkZWY3XkEyXkFqcGc@._V1_QL75_UY281_CR1,0,190,281_.jpg",https://www.imdb.com/title/tt0045152/
90,Come and See,1985,Not Rated,2 hours 22 minutes,8.3,Soviet Union,Elem Klimov,"Aleksey Kravchenko, Olga Mironova, Liubomiras Laucevicius, Vladas Bagdonas, Jüri Lumiste","Belarusian, Russian, German",N/A,"$20,929,648","https://m.media-amazon.com/images/M/MV5BNDlkZmVkZDAtZGFmMS00OWIzLWJkY2YtNWE5NjNhNjhiZGE3XkEyXkFqcGc@._V1_QL75_UX190_CR0,5,190,281_.jpg",https://www.imdb.com/title/tt0091251/
91,Requiem for a Dream,2000,NC-17,1 hour 42 minutes,8.3,United States,Darren Aronofsky,"Ellen Burstyn, Jared Leto, Jennifer Connelly, Marlon Wayans, Christopher McDonald",English,"$4,500,000 (estimated)","$7,391,471","https://m.media-amazon.com/images/M/MV5BN2ZlMjIzZjctYzA2My00ZWYyLWI4ZjctMGI2NWYyNzFiZjAwXkEyXkFqcGc@._V1_QL75_UX190_CR0,2,190,281_.jpg",https://www.imdb.com/title/tt0180093/
92,Star Wars: Episode VI - Return of the Jedi,1983,PG,2 hours 11 minutes,8.3,United States,Richard Marquand,"Mark Hamill, Harrison Ford, Carrie Fisher, Billy Dee Williams, Anthony Daniels","English, Kikuyu, Tagalog, Kalmyk-Oirat, Quechua, Polish","$32,500,000 (estimated)","$482,466,382","https://m.media-amazon.com/images/M/MV5BNWEwOTI0MmUtMGNmNy00ODViLTlkZDQtZTg1YmQ3MDgyNTUzXkEyXkFqcGc@._V1_QL75_UX190_CR0,7,190,281_.jpg",https://www.imdb.com/title/tt0086190/
93,Toy Story 3,2010,G,1 hour 43 minutes,8.3,United States,Lee Unkrich,"Tom Hanks, Tim Allen, Joan Cusack, Ned Beatty, Don Rickles","English, Spanish","$200,000,000 (estimated)","$1,067,316,101","https://m.media-amazon.com/images/M/MV5BMTgxOTY4Mjc0MF5BMl5BanBnXkFtZTcwNTA4MDQyMw@@._V1_QL75_UY281_CR5,0,190,281_.jpg",https://www.imdb.com/title/tt0435761/
94,The Hunt,2012,R,1 hour 55 minutes,8.3,Denmark,Thomas Vinterberg,"Mads Mikkelsen, Thomas Bo Larsen, Annika Wedderkopp, Lasse Fogelstrøm, Susse Wold","Danish, English, Polish","DKK 20,000,000 (estimated)","$15,886,373","https://m.media-amazon.com/images/M/MV5BMTg2NDg3ODg4NF5BMl5BanBnXkFtZTcwNzk3NTc3Nw@@._V1_QL75_UY281_CR4,0,190,281_.jpg",https://www.imdb.com/title/tt2106476/
95,Ikiru,1952,Not Rated,2 hours 23 minutes,8.3,Japan,Akira Kurosawa,"Takashi Shimura, Nobuo Kaneko, Shin'ichi Himori, Haruo Tanaka, Minoru Chiaki","Japanese, Latin, English, French",N/A,"$113,821","https://m.media-amazon.com/images/M/MV5BMTFlMWIxMTItMTNhOC00NWI5LTg3ZmEtYzY5ZGY0YTA5ZmFlXkEyXkFqcGc@._V1_QL75_UY281_CR6,0,190,281_.jpg",https://www.imdb.com/title/tt0044741/
96,Eternal Sunshine of the Spotless Mind,2004,R,1 hour 48 minutes,8.3,United States,Michel Gondry,"Jim Carrey, Kate Winslet, Tom Wilkinson, Gerry Robert Byrne, Elijah Wood",English,"$20,000,000 (estimated)","$73,384,095","https://m.media-amazon.com/images/M/MV5BMTY4NzcwODg3Nl5BMl5BanBnXkFtZTcwNTEwOTMyMw@@._V1_QL75_UX190_CR0,0,190,281_.jpg",https://www.imdb.com/title/tt0338013/
97,The Chaos Class Failed the Class,1975,1h 35m,1 hour 35 minutes,8.7,Turkey,Ertem Egilmez,"Münir Özkul, Tarik Akan, Kemal Sunal, Adile Nasit, Halit Akçatepe",Turkish,N/A,N/A,"https://m.media-amazon.com/images/M/MV5BZmY3MjVhMmQtOTcwYy00ZjcyLWFiZDgtN2JiODVjNjQzYWQyXkEyXkFqcGc@._V1_QL75_UX190_CR0,2,190,281_.jpg",https://www.imdb.com/title/tt0252488/
98,2001: A Space Odyssey,1968,G,2 hours 29 minutes,8.3,United Kingdom,Stanley Kubrick,"Keir Dullea, Gary Lockwood, William Sylvester, Daniel Richter, Leonard Rossiter","English, Russian, French","$12,000,000 (estimated)","$66,852,727","https://m.media-amazon.com/images/M/MV5BNjU0NDFkMTQtZWY5OS00MmZhLTg3Y2QtZmJhMzMzMWYyYjc2XkEyXkFqcGc@._V1_QL75_UX190_CR0,0,190,281_.jpg",https://www.imdb.com/title/tt0062622/
99,Incendies,2010,R,2 hours 11 minutes,8.3,Canada,Denis Villeneuve,"Lubna Azabal, Mélissa Désormeaux-Poulin, Maxim Gaudette, Mustafa Kamel, Hussein Sami","French, Arabic, English","$6,800,000 (estimated)","$6,797,861","https://m.media-amazon.com/images/M/MV5BYWFmMjdmNjctNzhhOC00ZmMzLTkwOGItMmVmZDU4MjE2MTYwXkEyXkFqcGc@._V1_QL75_UX190_CR0,2,190,281_.jpg",https://www.imdb.com/title/tt1255953/
100,Reservoir Dogs,1992,R,1 hour 39 minutes,8.3,United States,Quentin Tarantino,"Harvey Keitel, Tim Roth, Michael Madsen, Chris Penn, Steve Buscemi",English,"$1,200,000 (estimated)","$2,932,006","https://m.media-amazon.com/images/M/MV5BMmMzYjg4NDctYWY0Mi00OGViLWIzMTMtYWNlZGY5ZDJmYjk3XkEyXkFqcGc@._V1_QL75_UX190_CR0,1,190,281_.jpg",https://www.imdb.com/title/tt0105236/
101,The Apartment,1960,Approved,2 hours 5 minutes,8.3,United States,Billy Wilder,"Jack Lemmon, Shirley MacLaine, Fred MacMurray, Ray Walston, Jack Kruschen",English,"$3,000,000 (estimated)","$18,783,770","https://m.media-amazon.com/images/M/MV5BNDdhMzVhOWQtNDU2Mi00ZmZmLWJiZDMtY2QxMjhjY2Y1ZTI5XkEyXkFqcGc@._V1_QL75_UX190_CR0,9,190,281_.jpg",https://www.imdb.com/title/tt0053604/
102,Lawrence of Arabia,1962,PG,3 hours 47 minutes,8.3,United Kingdom,David Lean,"Peter O'Toole, Alec Guinness, Anthony Quinn, Jack Hawkins, Omar Sharif","English, Arabic, Turkish","$15,000,000 (estimated)","$45,868,580","https://m.media-amazon.com/images/M/MV5BYjY0YTQ1OTAtYjEyNy00NTQ4LThlMTQtM2QwYTVhYWFhNjU5XkEyXkFqcGc@._V1_QL75_UY281_CR3,0,190,281_.jpg",https://www.imdb.com/title/tt0056172/
103,Scarface,1983,R,2 hours 50 minutes,8.3,United States,Brian De Palma,"Al Pacino, Michelle Pfeiffer, Steven Bauer, Mary Elizabeth Mastrantonio, Robert Loggia","English, Spanish","$50,000,000 (estimated)","$66,443,303","https://m.media-amazon.com/images/M/MV5BNDUzYjY0NmUtMDM4OS00Y2Q5LWJiODYtNTk0ZTk0YjZhMTg1XkEyXkFqcGc@._V1_QL75_UX190_CR0,2,190,281_.jpg",https://www.imdb.com/title/tt0086250/
104,Double Indemnity,1944,Approved,1 hour 47 minutes,8.3,United States,Billy Wilder,"Fred MacMurray, Barbara Stanwyck, Edward G. Robinson, Byron Barr, Porter Hall",English,"$927,262 (estimated)","$21,026","https://m.media-amazon.com/images/M/MV5BM2YwNjZlZDktNTlmNS00ODQwLWJmNmUtYmE1NTBhYjc1YTY5XkEyXkFqcGc@._V1_QL75_UX190_CR0,3,190,281_.jpg",https://www.imdb.com/title/tt0036775/
105,Heat,1995,R,2 hours 50 minutes,8.3,United States,Michael Mann,"Al Pacino, Robert De Niro, Val Kilmer, Jon Voight, Tom Sizemore","English, Spanish","$60,000,000 (estimated)","$187,436,818","https://m.media-amazon.com/images/M/MV5BMTkxYjU1OTMtYWViZC00ZjAzLWI3MDktZGQ2N2VmMjVjNDRlXkEyXkFqcGc@._V1_QL75_UY281_CR3,0,190,281_.jpg",https://www.imdb.com/title/tt0113277/
106,North by Northwest,1959,Approved,2 hours 16 minutes,8.3,United States,Alfred Hitchcock,"Cary Grant, Eva Marie Saint, James Mason, Jessie Royce Landis, Leo G. Carroll","English, French","$3,101,000 (estimated)","$197,920","https://m.media-amazon.com/images/M/MV5BZWIzODI2OGItMzM0Ny00OGRmLTlkNmItMDQxMTFmMTk3YmQwXkEyXkFqcGc@._V1_QL75_UX190_CR0,2,190,281_.jpg",https://www.imdb.com/title/tt0053125/
107,Up,2009,PG,1 hour 36 minutes,8.3,United States,"Pete Docter, Bob Peterson","Edward Asner, Jordan Nagai, John Ratzenberger, Christopher Plummer, Bob Peterson",English,"$175,000,000 (estimated)","$735,103,954","https://m.media-amazon.com/images/M/MV5BNmI1ZTc5MWMtMDYyOS00ZDc2LTkzOTAtNjQ4NWIxNjYyNDgzXkEyXkFqcGc@._V1_QL75_UX190_CR0,0,190,281_.jpg",https://www.imdb.com/title/tt1049413/
108,Citizen Kane,1941,PG,1 hour 59 minutes,8.3,United States,Orson Welles,"Orson Welles, Joseph Cotten, Dorothy Comingore, Agnes Moorehead, Ruth Warrick","English, Italian","$839,727 (estimated)","$1,711,106","https://m.media-amazon.com/images/M/MV5BYjk1ZDJlMmUtOWQ0Zi00MDM5LTk1OGYtODczNjFmMGYwZGVkXkEyXkFqcGc@._V1_QL75_UX190_CR0,2,190,281_.jpg",https://www.imdb.com/title/tt0033467/
109,M,1931,Passed,1 hour 39 minutes,8.3,Germany,Fritz Lang,"Peter Lorre, Ellen Widmann, Inge Landgut, Otto Wernicke, Theodor Loos",German,N/A,"$35,566","https://m.media-amazon.com/images/M/MV5BODA4ODk3OTEzMF5BMl5BanBnXkFtZTgwMTQ2ODMwMzE@._V1_QL75_UX190_CR0,2,190,281_.jpg",https://www.imdb.com/title/tt0022100/
110,Full Metal Jacket,1987,R,1 hour 56 minutes,8.2,United Kingdom,Stanley Kubrick,"Matthew Modine, R. Lee Ermey, Vincent D'Onofrio, Adam Baldwin, Dorian Harewood","English, Vietnamese","$30,000,000 (estimated)","$50,193,748","https://m.media-amazon.com/images/M/MV5BYWUzNzZkNzUtNDdiYy00Nzk5LTgxMmItNTk0MjRjNjdjNDA0XkEyXkFqcGc@._V1_QL75_UX190_CR0,2,190,281_.jpg",https://www.imdb.com/title/tt0093058/
111,Vertigo,1958,PG,2 hours 8 minutes,8.2,United States,Alfred Hitchcock,"James Stewart, Kim Novak, Barbara Bel Geddes, Tom Helmore, Henry Jones",English,"$2,479,000 (estimated)","$7,971,440","https://m.media-amazon.com/images/M/MV5BNzEyZTUxMWItMGVhYy00Y2NlLTljYTMtYzBmMzI1YmUyMDBkXkEyXkFqcGc@._V1_QL75_UX190_CR0,6,190,281_.jpg",https://www.imdb.com/title/tt0052357/
112,Amélie,2001,R,2 hours 2 minutes,8.3,France,Jean-Pierre Jeunet,"Audrey Tautou, Mathieu Kassovitz, Rufus, Lorella Cravotta, Serge Merlin","French, Russian, English","$10,000,000 (estimated)","$175,183,052","https://m.media-amazon.com/images/M/MV5BOTNmYzY0MWQtZGZmNy00Y2Y4LWFmMDQtMTZjYTdiYzEwZGQ2XkEyXkFqcGc@._V1_QL75_UX190_CR0,2,190,281_.jpg",https://www.imdb.com/title/tt0211915/
113,A Separation,2011,PG-13,2 hours 3 minutes,8.3,Iran,Asghar Farhadi,"Payman Maadi, Leila Hatami, Sareh Bayat, Shahab Hosseini, Sarina Farhadi",Persian,"$500,000 (estimated)","$22,926,076","https://m.media-amazon.com/images/M/MV5BMDM0ZWRmMzctM2M5ZS00ZjU0LWIxN2MtNWNlNGY1ZDhjMDVhXkEyXkFqcGc@._V1_QL75_UX190_CR0,0,190,281_.jpg",https://www.imdb.com/title/tt1832382/
114,Like Stars on Earth,2007,PG,2 hours 42 minutes,8.3,India,Aamir Khan,"Darsheel Safary, Aamir Khan, Tisca Chopra, Vipin Sharma, Tanay Chheda","Hindi, English",N/A,"$21,897,373","https://m.media-amazon.com/images/M/MV5BZTI0ZGRiMDEtNGNjMS00MGU4LWI3OTktNzcxMDZmZTk3MTljXkEyXkFqcGc@._V1_QL75_UY281_CR4,0,190,281_.jpg",https://www.imdb.com/title/tt0986264/
115,To Kill a Mockingbird,1962,Approved,2 hours 9 minutes,8.3,United States,Robert Mulligan,"Gregory Peck, John Megna, Frank Overton, Rosemary Murphy, Ruth White",English,"$2,000,000 (estimated)","$602,810","https://m.media-amazon.com/images/M/MV5BZTlkYWU4MGEtZmQyYi00OWEzLTgzY2EtYzVjOTEzYzAyNTk1XkEyXkFqcGc@._V1_QL75_UX190_CR0,4,190,281_.jpg",https://www.imdb.com/title/tt0056592/
116,Die Hard,1988,R,2 hours 12 minutes,8.2,United States,John McTiernan,"Bruce Willis, Alan Rickman, Bonnie Bedelia, Reginald VelJohnson, Paul Gleason","English, German, Italian, Japanese","$28,000,000 (estimated)","$143,651,650","https://m.media-amazon.com/images/M/MV5BMGNlYmM1NmQtYWExMS00NmRjLTg5ZmEtMmYyYzJkMzljYWMxXkEyXkFqcGc@._V1_QL75_UX190_CR0,2,190,281_.jpg",https://www.imdb.com/title/tt0095016/
117,A Clockwork Orange,1971,R,2 hours 16 minutes,8.2,United Kingdom,Stanley Kubrick,"Malcolm McDowell, Patrick Magee, Michael Bates, Warren Clarke, John Clive",English,"$2,200,000 (estimated)","$27,034,174","https://m.media-amazon.com/images/M/MV5BMTY3MjM1Mzc4N15BMl5BanBnXkFtZTgwODM0NzAxMDE@._V1_QL75_UX190_CR0,0,190,281_.jpg",https://www.imdb.com/title/tt0066921/
118,The Sting,1973,PG,2 hours 9 minutes,8.2,United States,George Roy Hill,"Paul Newman, Robert Redford, Robert Shaw, Charles Durning, Ray Walston",English,"$5,500,000 (estimated)","$156,000,000","https://m.media-amazon.com/images/M/MV5BZGI4OTk4MDMtYmQ1Ni00YTUzLTkyYTktZGUwMjMyN2M4NjQ5XkEyXkFqcGc@._V1_QL75_UX190_CR0,5,190,281_.jpg",https://www.imdb.com/title/tt0070735/
119,Indiana Jones and the Last Crusade,1989,PG-13,2 hours 7 minutes,8.2,United States,Steven Spielberg,"Harrison Ford, Sean Connery, Alison Doody, Denholm Elliott, John Rhys-Davies","English, German, Greek, Latin, Italian","$48,000,000 (estimated)","$474,171,806","https://m.media-amazon.com/images/M/MV5BNGIxNzQ0YzYtMjNmYi00YjBlLWFjNzEtNGE3ZGFmYTczM2MwXkEyXkFqcGc@._V1_QL75_UX190_CR0,0,190,281_.jpg",https://www.imdb.com/title/tt0097576/
120,Oppenheimer,2023,R,3 hours,8.3,United States,Christopher Nolan,"Cillian Murphy, Emily Blunt, Matt Damon, Robert Downey Jr., Alden Ehrenreich","English, German, Italian, Dutch","$100,000,000 (estimated)","$975,811,333","https://m.media-amazon.com/images/M/MV5BN2JkMDc5MGQtZjg3YS00NmFiLWIyZmQtZTJmNTM5MjVmYTQ4XkEyXkFqcGc@._V1_QL75_UX190_CR0,0,190,281_.jpg",https://www.imdb.com/title/tt15398776/
121,Metropolis,1927,Not Rated,2 hours 33 minutes,8.3,Germany,Fritz Lang,"Brigitte Helm, Alfred Abel, Gustav Fröhlich, Rudolf Klein-Rogge, Fritz Rasp","German, English","DEM 6,000,000 (estimated)","$1,351,009","https://m.media-amazon.com/images/M/MV5BMjhjMGYyMjAtMzJkYy00NzhlLWIwY2MtMWQ2ODIxZDUyOGYyXkEyXkFqcGc@._V1_QL75_UY281_CR0,0,190,281_.jpg",https://www.imdb.com/title/tt0017136/
122,Snatch,2000,R,1 hour 42 minutes,8.2,United Kingdom,Guy Ritchie,"Jason Statham, Brad Pitt, Stephen Graham, Vinnie Jones, Ade","English, Russian","£6,000,000 (estimated)","$83,557,872","https://m.media-amazon.com/images/M/MV5BYzk5NjJkMTQtN2IyNC00YWM5LTlhZmMtNGI3MWNhMTU1YTc4XkEyXkFqcGc@._V1_QL75_UY281_CR1,0,190,281_.jpg",https://www.imdb.com/title/tt0208092/
123,1917,2019,R,1 hour 59 minutes,8.2,United Kingdom,Sam Mendes,"Dean-Charles Chapman, George MacKay, Daniel Mays, Colin Firth, Pip Carter","English, French, German","$95,000,000 (estimated)","$446,064,352","https://m.media-amazon.com/images/M/MV5BYzkxZjg2NDQtMGVjMy00NWZkLTk0ZDEtZWE3NDYwYjAyMTg1XkEyXkFqcGc@._V1_QL75_UX190_CR0,10,190,281_.jpg",https://www.imdb.com/title/tt8579674/
124,L.A. Confidential,1997,R,2 hours 18 minutes,8.2,United States,Curtis Hanson,"Kevin Spacey, Russell Crowe, Guy Pearce, Kim Basinger, James Cromwell",English,"$35,000,000 (estimated)","$126,216,940","https://m.media-amazon.com/images/M/MV5BODdiMjY1OGYtNDk0NC00NGQ1LWI4MDItOTJhMTM0YjE1YTAzXkEyXkFqcGc@._V1_QL75_UY281_CR1,0,190,281_.jpg",https://www.imdb.com/title/tt0119488/
125,Bicycle Thieves,1948,Not Rated,1 hour 29 minutes,8.2,Italy,Vittorio De Sica,"Lamberto Maggiorani, Enzo Staiola, Lianella Carell, Elena Altieri, Gino Saltamerenda","Italian, German","$133,000 (estimated)","$451,336","https://m.media-amazon.com/images/M/MV5BMjIzMzAyMzg1Nl5BMl5BanBnXkFtZTgwMzMyNzk0MTE@._V1_QL75_UY281_CR3,0,190,281_.jpg",https://www.imdb.com/title/tt0040522/
126,Downfall,2004,R,2 hours 36 minutes,8.2,Germany,Oliver Hirschbiegel,"Bruno Ganz, Alexandra Maria Lara, Ulrich Matthes, Juliane Köhler, Corinna Harfouch","German, Russian, French, Hungarian, English","€13,500,000 (estimated)","$92,181,574","https://m.media-amazon.com/images/M/MV5BMTU0NTU5NTAyMl5BMl5BanBnXkFtZTYwNzYwMDg2._V1_QL75_UY281_CR1,0,190,281_.jpg",https://www.imdb.com/title/tt0363163/
127,Dangal,2016,Not Rated,2 hours 41 minutes,8.3,India,Nitesh Tiwari,"Aamir Khan, Sakshi Tanwar, Fatima Sana Shaikh, Sanya Malhotra, Aparshakti Khurana","Hindi, English","₹700,000,000 (estimated)","$303,726,694","https://m.media-amazon.com/images/M/MV5BMTQ4MzQzMzM2Nl5BMl5BanBnXkFtZTgwMTQ1NzU3MDI@._V1_QL75_UY281_CR6,0,190,281_.jpg",https://www.imdb.com/title/tt5074352/
128,The Wolf of Wall Street,2013,R,3 hours,8.2,United States,Martin Scorsese,"Leonardo DiCaprio, Jonah Hill, Margot Robbie, Matthew McConaughey, Kyle Chandler","English, French","$100,000,000 (estimated)","$407,039,432","https://m.media-amazon.com/images/M/MV5BMjIxMjgxNTk0MF5BMl5BanBnXkFtZTgwNjIyOTg2MDE@._V1_QL75_UX190_CR0,0,190,281_.jpg",https://www.imdb.com/title/tt0993846/
129,Hamilton,2020,PG-13,2 hours 40 minutes,8.3,United States,Thomas Kail,"Lin-Manuel Miranda, Phillipa Soo, Leslie Odom Jr., Renée Elise Goldsberry, Daveed Diggs","English, French",N/A,N/A,"https://m.media-amazon.com/images/M/MV5BYzBhOWY4ZTktMjE2NS00ZGIyLWJkOGMtNDQyN2JjZWFiODdiXkEyXkFqcGc@._V1_QL75_UX190_CR0,0,190,281_.jpg",https://www.imdb.com/title/tt8503618/
130,Taxi Driver,1976,R,1 hour 54 minutes,8.2,United States,Martin Scorsese,"Robert De Niro, Jodie Foster, Cybill Shepherd, Albert Brooks, Diahnne Abbott","English, Spanish","$1,300,000 (estimated)","$28,737,520","https://m.media-amazon.com/images/M/MV5BZDNhMGYwM2UtMTdlZS00MGQ1LWI2YzAtODY5YWI1MjYyNzRmXkEyXkFqcGc@._V1_QL75_UX190_CR0,4,190,281_.jpg",https://www.imdb.com/title/tt0075314/
131,Green Book,2018,PG-13,2 hours 10 minutes,8.2,United States,Peter Farrelly,"Viggo Mortensen, Mahershala Ali, Linda Cardellini, Sebastian Maniscalco, Dimiter D. Marinov","English, Italian, Russian, German","$23,000,000 (estimated)","$321,752,656","https://m.media-amazon.com/images/M/MV5BNDU5YTNmMmItN2QxNy00OGQ0LTg5MTctNzFmYjEzZjcwN2UwXkEyXkFqcGc@._V1_QL75_UX190_CR0,2,190,281_.jpg",https://www.imdb.com/title/tt6966692/
132,Batman Begins,2005,PG-13,2 hours 20 minutes,8.2,United States,Christopher Nolan,"Christian Bale, Michael Caine, Ken Watanabe, Liam Neeson, Katie Holmes","English, Mandarin","$150,000,000 (estimated)","$375,406,308","https://m.media-amazon.com/images/M/MV5BODIyMDdhNTgtNDlmOC00MjUxLWE2NDItODA5MTdkNzY3ZTdhXkEyXkFqcGc@._V1_QL75_UY281_CR0,0,190,281_.jpg",https://www.imdb.com/title/tt0372784/
133,The Truman Show,1998,PG,1 hour 43 minutes,8.2,United States,Peter Weir,"Jim Carrey, Ed Harris, Laura Linney, Noah Emmerich, Natascha McElhone",English,"$60,000,000 (estimated)","$264,118,712","https://m.media-amazon.com/images/M/MV5BNzA3ZjZlNzYtMTdjMy00NjMzLTk5ZGYtMTkyYzNiOGM1YmM3XkEyXkFqcGc@._V1_QL75_UX190_CR0,0,190,281_.jpg",https://www.imdb.com/title/tt0120382/
134,For a Few Dollars More,1965,R,2 hours 12 minutes,8.2,Italy,Sergio Leone,"Clint Eastwood, Lee Van Cleef, Gian Maria Volontè, Mara Krupp, Luigi Pistilli","English, Italian","$600,000 (estimated)","$15,000,000","https://m.media-amazon.com/images/M/MV5BNTRmOTcyYmYtMTIwNi00ZGYyLTk4YjYtZGJlZTgwZGY0NGQyXkEyXkFqcGc@._V1_QL75_UX190_CR0,3,190,281_.jpg",https://www.imdb.com/title/tt0059578/
135,Judgment at Nuremberg,1961,Approved,2 hours 59 minutes,8.3,United States,Stanley Kramer,"Spencer Tracy, Burt Lancaster, Richard Widmark, Marlene Dietrich, Maximilian Schell","English, German","$3,000,000 (estimated)","$12,180","https://m.media-amazon.com/images/M/MV5BNDc2ODQ5NTE2MV5BMl5BanBnXkFtZTcwODExMjUyNA@@._V1_QL75_UX190_CR0,2,190,281_.jpg",https://www.imdb.com/title/tt0055031/
136,Some Like It Hot,1959,Approved,2 hours 1 minute,8.2,United States,Billy Wilder,"Marilyn Monroe, Tony Curtis, Jack Lemmon, George Raft, Pat O'Brien","English, French","$2,883,848 (estimated)","$208,786","https://m.media-amazon.com/images/M/MV5BZTllZDYyNjEtY2RmMS00NmJhLWI4ODAtMTQ0NWFiZTJhZjA0XkEyXkFqcGc@._V1_QL75_UX190_CR0,6,190,281_.jpg",https://www.imdb.com/title/tt0053291/
137,Shutter Island,2010,R,2 hours 18 minutes,8.2,United States,Martin Scorsese,"Leonardo DiCaprio, Emily Mortimer, Mark Ruffalo, Ben Kingsley, Max von Sydow","English, German","$80,000,000 (estimated)","$294,978,537","https://m.media-amazon.com/images/M/MV5BN2FjNWExYzEtY2YzOC00YjNlLTllMTQtNmIwM2Q1YzBhOWM1XkEyXkFqcGc@._V1_QL75_UX190_CR0,0,190,281_.jpg",https://www.imdb.com/title/tt1130884/
138,The Kid,1921,Passed,1 hour 8 minutes,8.2,United States,Charles Chaplin,"Charles Chaplin, Edna Purviance, Jackie Coogan, Carl Miller, Albert Austin","None, English","$250,000 (estimated)","$44,115","https://m.media-amazon.com/images/M/MV5BNjkxMzY1NTQtN2YwOS00NmIwLTlkNTMtMjNkMzk1ZTk3ZDU2XkEyXkFqcGc@._V1_QL75_UX190_CR0,2,190,281_.jpg",https://www.imdb.com/title/tt0012349/
139,The Father,2020,PG-13,1 hour 37 minutes,8.2,United Kingdom,Florian Zeller,"Anthony Hopkins, Olivia Colman, Mark Gatiss, Olivia Williams, Imogen Poots",English,"$6,000,000 (estimated)","$24,048,935","https://m.media-amazon.com/images/M/MV5BYzUxMDAyMDAtNzIyZi00OGQ1LTllMjEtYzRjOThkZTUxNTliXkEyXkFqcGc@._V1_QL75_UX190_CR0,0,190,281_.jpg",https://www.imdb.com/title/tt10272386/
140,All About Eve,1950,Approved,2 hours 18 minutes,8.2,United States,Joseph L. Mankiewicz,"Bette Davis, Anne Baxter, George Sanders, Celeste Holm, Gary Merrill","English, French","$1,400,000 (estimated)","$154,974","https://m.media-amazon.com/images/M/MV5BOTM4ZjUzOGUtYzdlZi00ZmM5LTk5NTEtMjQxNDVmOTc5NWNlXkEyXkFqcGc@._V1_QL75_UX190_CR0,3,190,281_.jpg",https://www.imdb.com/title/tt0042192/
141,Jurassic Park,1993,PG-13,2 hours 7 minutes,8.2,United States,Steven Spielberg,"Sam Neill, Laura Dern, Jeff Goldblum, Richard Attenborough, Bob Peck","English, Spanish","$63,000,000 (estimated)","$1,104,379,926","https://m.media-amazon.com/images/M/MV5BMjM2MDgxMDg0Nl5BMl5BanBnXkFtZTgwNTM2OTM5NDE@._V1_QL75_UX190_CR0,2,190,281_.jpg",https://www.imdb.com/title/tt0107290/
142,There Will Be Blood,2007,R,2 hours 38 minutes,8.2,United States,Paul Thomas Anderson,"Daniel Day-Lewis, Paul Dano, Ciarán Hinds, Martin Stringer, Matthew Braden Stringer","English, American Sign Language","$25,000,000 (estimated)","$76,430,381","https://m.media-amazon.com/images/M/MV5BMjAxODQ4MDU5NV5BMl5BanBnXkFtZTcwMDU4MjU1MQ@@._V1_QL75_UX190_CR0,0,190,281_.jpg",https://www.imdb.com/title/tt0469494/
143,The Sixth Sense,1999,PG-13,1 hour 47 minutes,8.2,United States,M. Night Shyamalan,"Bruce Willis, Haley Joel Osment, Toni Collette, Olivia Williams, Trevor Morgan","English, Latin, Spanish","$40,000,000 (estimated)","$672,806,432","https://m.media-amazon.com/images/M/MV5BZWQ2OTY0M2UtMTQxNC00MmIzLTllNDQtNDQ0MTQyYzI2M2ZiXkEyXkFqcGc@._V1_QL75_UY281_CR0,0,190,281_.jpg",https://www.imdb.com/title/tt0167404/
144,Casino,1995,R,2 hours 58 minutes,8.2,United States,Martin Scorsese,"Robert De Niro, Sharon Stone, Joe Pesci, James Woods, Don Rickles",English,"$52,000,000 (estimated)","$116,112,375","https://m.media-amazon.com/images/M/MV5BMDRlZWZjZjYtYzY2NS00ZWVjLTkwYzAtZTA2ZDAzMGRiYmYwXkEyXkFqcGc@._V1_QL75_UX190_CR0,2,190,281_.jpg",https://www.imdb.com/title/tt0112641/
145,Ran,1985,R,2 hours 40 minutes,8.2,Japan,Akira Kurosawa,"Tatsuya Nakadai, Akira Terao, Jinpachi Nezu, Daisuke Ryû, Mieko Harada",Japanese,"$11,500,000 (estimated)","$4,292,539","https://m.media-amazon.com/images/M/MV5BZDk2NDY5YjktMjEyMC00OTJhLTkzM2EtY2Q4Y2RjYzc2Yjk4XkEyXkFqcGc@._V1_QL75_UX190_CR0,4,190,281_.jpg",https://www.imdb.com/title/tt0089881/
146,Top Gun: Maverick,2022,PG-13,2 hours 10 minutes,8.2,United States,Joseph Kosinski,"Tom Cruise, Jennifer Connelly, Miles Teller, Val Kilmer, Bashir Salahuddin",English,"$170,000,000 (estimated)","$1,495,696,292","https://m.media-amazon.com/images/M/MV5BMDBkZDNjMWEtOTdmMi00NmExLTg5MmMtNTFlYTJlNWY5YTdmXkEyXkFqcGc@._V1_QL75_UX190_CR0,0,190,281_.jpg",https://www.imdb.com/title/tt1745960/
147,No Country for Old Men,2007,R,2 hours 2 minutes,8.2,United States,"Ethan Coen, Joel Coen","Tommy Lee Jones, Javier Bardem, Josh Brolin, Woody Harrelson, Kelly Macdonald","English, Spanish","$25,000,000 (estimated)","$171,632,777","https://m.media-amazon.com/images/M/MV5BMjA5Njk3MjM4OV5BMl5BanBnXkFtZTcwMTc5MTE1MQ@@._V1_QL75_UY281_CR1,0,190,281_.jpg",https://www.imdb.com/title/tt0477348/
148,The Thing,1982,R,1 hour 49 minutes,8.2,United States,John Carpenter,"Kurt Russell, Wilford Brimley, Keith David, Richard Masur, T.K. Carter","English, Norwegian","$15,000,000 (estimated)","$20,838,523","https://m.media-amazon.com/images/M/MV5BYTA3NDU5MWEtNTk4Yy00ZDNkLThmZTQtMjU3ZGVhYzAyMzU4XkEyXkFqcGc@._V1_QL75_UX190_CR0,2,190,281_.jpg",https://www.imdb.com/title/tt0084787/
149,Pan's Labyrinth,2006,R,1 hour 58 minutes,8.2,Mexico,Guillermo del Toro,"Ivana Baquero, Ariadna Gil, Sergi López, Maribel Verdú, Doug Jones",Spanish,"$19,000,000 (estimated)","$83,863,565","https://m.media-amazon.com/images/M/MV5BOTc1NTAxMWItMWFlNy00MmU2LTkwMTMtNzMwOTg5OTQ5YTFiXkEyXkFqcGc@._V1_QL75_UX190_CR0,1,190,281_.jpg",https://www.imdb.com/title/tt0457430/
150,Unforgiven,1992,R,2 hours 10 minutes,8.2,United States,Clint Eastwood,"Clint Eastwood, Gene Hackman, Morgan Freeman, Richard Harris, Jaimz Woolvett",English,"$14,400,000 (estimated)","$159,167,799","https://m.media-amazon.com/images/M/MV5BNmZmMzM3YWMtZjg5Yi00M2MxLTg3ZGItNGU4YjQxNDAxM2Q4XkEyXkFqcGc@._V1_QL75_UX190_CR0,2,190,281_.jpg",https://www.imdb.com/title/tt0105695/
151,Kill Bill: Vol. 1,2003,R,1 hour 51 minutes,8.2,United States,Quentin Tarantino,"Uma Thurman, David Carradine, Daryl Hannah, Michael Madsen, Lucy Liu","English, Japanese, French","$30,000,000 (estimated)","$180,908,413","https://m.media-amazon.com/images/M/MV5BZmMyYzJlZmYtY2I3NC00NjAyLTkyZWItZjdjZDI1YTYyYTEwXkEyXkFqcGc@._V1_QL75_UX190_CR0,2,190,281_.jpg",https://www.imdb.com/title/tt0266697/
152,A Beautiful Mind,2001,PG-13,2 hours 15 minutes,8.2,United States,Ron Howard,"Russell Crowe, Ed Harris, Jennifer Connelly, Christopher Plummer, Paul Bettany",English,"$58,000,000 (estimated)","$316,791,257","https://m.media-amazon.com/images/M/MV5BNzljZTk5ZDgtZTQ1Zi00NTM4LThlOGUtZDk2MGM4NDQ4NWQyXkEyXkFqcGc@._V1_QL75_UX190_CR0,0,190,281_.jpg",https://www.imdb.com/title/tt0268978/
153,The Treasure of the Sierra Madre,1948,Approved,2 hours 6 minutes,8.2,United States,John Huston,"Humphrey Bogart, Walter Huston, Tim Holt, Bruce Bennett, Barton MacLane","English, Spanish","$3,000,000 (estimated)","$5,014,000","https://m.media-amazon.com/images/M/MV5BOWM1YjFmODEtMWNhMC00YmI1LWI0Y2EtYzg0YTBhZWI4ODE3XkEyXkFqcGc@._V1_QL75_UX190_CR0,2,190,281_.jpg",https://www.imdb.com/title/tt0040897/
154,Prisoners,2013,R,2 hours 33 minutes,8.2,United States,Denis Villeneuve,"Hugh Jackman, Jake Gyllenhaal, Viola Davis, Melissa Leo, Maria Bello",English,"$46,000,000 (estimated)","$122,127,446","https://m.media-amazon.com/images/M/MV5BMTg0NTIzMjQ1NV5BMl5BanBnXkFtZTcwNDc3MzM5OQ@@._V1_QL75_UY281_CR0,0,190,281_.jpg",https://www.imdb.com/title/tt1392214/
155,Yojimbo,1961,Not Rated,1 hour 50 minutes,8.2,Japan,Akira Kurosawa,"Toshirô Mifune, Eijirô Tôno, Tatsuya Nakadai, Yôko Tsukasa, Isuzu Yamada",Japanese,N/A,"$68,196","https://m.media-amazon.com/images/M/MV5BYzFkODA1N2QtY2UyMC00NTMwLWEyNzctMmE3YjIzNzE1MzY4XkEyXkFqcGc@._V1_QL75_UX190_CR0,2,190,281_.jpg",https://www.imdb.com/title/tt0055630/
156,Finding Nemo,2003,G,1 hour 40 minutes,8.2,United States,"Andrew Stanton, Lee Unkrich","Albert Brooks, Ellen DeGeneres, Alexander Gould, Willem Dafoe, Brad Garrett","English, Japanese, Russian","$94,000,000 (estimated)","$941,637,960","https://m.media-amazon.com/images/M/MV5BMTc5NjExNTA5OV5BMl5BanBnXkFtZTYwMTQ0ODY2._V1_QL75_UX190_CR0,0,190,281_.jpg",https://www.imdb.com/title/tt0266543/
157,Howl's Moving Castle,2004,PG,1 hour 59 minutes,8.2,Japan,Hayao Miyazaki,"Chieko Baishô, Takuya Kimura, Tatsuya Gashûin, Akihiro Miwa, Ryûnosuke Kamiki",Japanese,"$24,000,000 (estimated)","$241,005,727","https://m.media-amazon.com/images/M/MV5BMTY1OTg0MjE3MV5BMl5BanBnXkFtZTcwNTUxMTkyMQ@@._V1_QL75_UX190_CR0,0,190,281_.jpg",https://www.imdb.com/title/tt0347149/
158,The Great Escape,1963,Approved,2 hours 52 minutes,8.2,United States,John Sturges,"Steve McQueen, James Garner, Richard Attenborough, Charles Bronson, James Donald","English, German, French, Russian, Spanish","$4,000,000 (estimated)","$230,637","https://m.media-amazon.com/images/M/MV5BMDRhNmJjMzEtMWU5MC00YmEyLTg3ZmYtNzYxZTI1ZGU4ZjI1XkEyXkFqcGc@._V1_QL75_UX190_CR0,8,190,281_.jpg",https://www.imdb.com/title/tt0057115/
159,Monty Python and the Holy Grail,1975,PG,1 hour 31 minutes,8.2,United Kingdom,"Terry Gilliam, Terry Jones","Graham Chapman, John Cleese, Eric Idle, Terry Gilliam, Terry Jones","English, French, Latin, Swedish","£229,575 (estimated)","$2,931,902","https://m.media-amazon.com/images/M/MV5BYWY4YmUzZmUtMzQ0ZS00N2Y2LWJlODQtN2IwMDc1MWQwMmU3XkEyXkFqcGc@._V1_QL75_UX190_CR0,2,190,281_.jpg",https://www.imdb.com/title/tt0071853/
160,The Elephant Man,1980,PG,2 hours 4 minutes,8.2,United States,David Lynch,"Anthony Hopkins, John Hurt, Anne Bancroft, John Gielgud, Wendy Hiller","English, French","$5,000,000 (estimated)","$26,034,325","https://m.media-amazon.com/images/M/MV5BMGE3MDZhNmMtMmUxZS00MDJmLTgxYmQtOGU4ODU0Y2JmNDI1XkEyXkFqcGc@._V1_QL75_UX190_CR0,1,190,281_.jpg",https://www.imdb.com/title/tt0080678/
161,Dial M for Murder,1954,PG,1 hour 45 minutes,8.2,United States,Alfred Hitchcock,"Ray Milland, Grace Kelly, Robert Cummings, John Williams, Anthony Dawson",English,"$1,400,000 (estimated)","$45,313","https://m.media-amazon.com/images/M/MV5BZmYzNDgzYjgtNmU3Ny00YzUxLWE3OWUtMjIxZmNkYTVhNDZmXkEyXkFqcGc@._V1_QL75_UY281_CR9,0,190,281_.jpg",https://www.imdb.com/title/tt0046912/
162,Klaus,2019,PG,1 hour 36 minutes,8.2,Spain,"Sergio Pablos, Carlos Martínez López","Jason Schwartzman, J.K. Simmons, Rashida Jones, Will Sasso, Neda Margrethe Labba","English, Saami","$40,000,000 (estimated)",N/A,"https://m.media-amazon.com/images/M/MV5BZDA4ODhlMzctNGRmYi00NmViLTkxZGYtZjRkNGQ5YzYwYWVlXkEyXkFqcGc@._V1_QL75_UX190_CR0,0,190,281_.jpg",https://www.imdb.com/title/tt4729430/
163,Gone with the Wind,1939,G,3 hours 58 minutes,8.2,United States,Victor Fleming,"Clark Gable, Vivien Leigh, Thomas Mitchell, Barbara O'Neil, Evelyn Keyes",English,"$3,977,000 (estimated)","$402,382,193","https://m.media-amazon.com/images/M/MV5BYmYxZTE3YzMtYmE2Yy00NmFlLTkzYTAtYTAzN2IzNDFkN2E0XkEyXkFqcGc@._V1_QL75_UX190_CR0,5,190,281_.jpg",https://www.imdb.com/title/tt0031381/
164,Chinatown,1974,R,2 hours 10 minutes,8.1,United States,Roman Polanski,"Jack Nicholson, Faye Dunaway, John Huston, Perry Lopez, John Hillerman","English, Cantonese, Spanish","$6,000,000 (estimated)","$29,232,347","https://m.media-amazon.com/images/M/MV5BNmRmZTE0NmUtZjhiZi00MzQ3LTk3ZjctN2Q3ODYzY2U3MDk3XkEyXkFqcGc@._V1_QL75_UX190_CR0,3,190,281_.jpg",https://www.imdb.com/title/tt0071315/
165,Rashomon,1950,Not Rated,1 hour 28 minutes,8.2,Japan,Akira Kurosawa,"Toshirô Mifune, Machiko Kyô, Masayuki Mori, Takashi Shimura, Minoru Chiaki",Japanese,"$250,000 (estimated)","$139,819","https://m.media-amazon.com/images/M/MV5BZDlkYjViMDAtYjkxNy00ZDk1LWE5MmUtNDc4NDU3ZWJmOTYzXkEyXkFqcGc@._V1_QL75_UX190_CR0,2,190,281_.jpg",https://www.imdb.com/title/tt0042876/
166,The Secret in Their Eyes,2009,R,2 hours 9 minutes,8.2,Argentina,Juan José Campanella,"Ricardo Darín, Soledad Villamil, Pablo Rago, Carla Quevedo, Javier Godino",Spanish,"$2,000,000 (estimated)","$35,079,650","https://m.media-amazon.com/images/M/MV5BMTgwNTI3OTczOV5BMl5BanBnXkFtZTcwMTM3MTUyMw@@._V1_QL75_UY281_CR0,0,190,281_.jpg",https://www.imdb.com/title/tt1305806/
167,"Lock, Stock and Two Smoking Barrels",1998,R,1 hour 47 minutes,8.1,United Kingdom,Guy Ritchie,"Jason Flemyng, Dexter Fletcher, Nick Moran, Jason Statham, Steven Mackintosh",English,"£960,000 (estimated)","$3,753,929","https://m.media-amazon.com/images/M/MV5BMmY1M2M5ZmMtYzllZC00YzAxLTk4MjktZDJkNjA1MTUwMGQ4XkEyXkFqcGc@._V1_QL75_UX190_CR0,2,190,281_.jpg",https://www.imdb.com/title/tt0120735/
168,V for Vendetta,2005,R,2 hours 12 minutes,8.1,United States,James McTeigue,"Hugo Weaving, Natalie Portman, Rupert Graves, Stephen Rea, Stephen Fry","English, French, Latin, Spanish","$54,000,000 (estimated)","$134,686,457","https://m.media-amazon.com/images/M/MV5BOTI5ODc3NzExNV5BMl5BanBnXkFtZTcwNzYxNzQzMw@@._V1_QL75_UX190_CR0,0,190,281_.jpg",https://www.imdb.com/title/tt0434409/
169,Inside Out,2015,PG,1 hour 35 minutes,8.1,United States,"Pete Docter, Ronnie Del Carmen","Amy Poehler, Bill Hader, Lewis Black, Mindy Kaling, Phyllis Smith","English, Portuguese, Latvian","$175,000,000 (estimated)","$859,076,254","https://m.media-amazon.com/images/M/MV5BOTgxMDQwMDk0OF5BMl5BanBnXkFtZTgwNjU5OTg2NDE@._V1_QL75_UX190_CR0,0,190,281_.jpg",https://www.imdb.com/title/tt2096673/
170,"Three Billboards Outside Ebbing, Missouri",2017,R,1 hour 55 minutes,8.1,United Kingdom,Martin McDonagh,"Frances McDormand, Woody Harrelson, Sam Rockwell, Caleb Landry Jones, Kerry Condon",English,"$15,000,000 (estimated)","$162,729,321","https://m.media-amazon.com/images/M/MV5BMjI0ODcxNzM1N15BMl5BanBnXkFtZTgwMzIwMTEwNDI@._V1_QL75_UX190_CR0,0,190,281_.jpg",https://www.imdb.com/title/tt5027774/
171,The Bridge on the River Kwai,1957,PG,2 hours 41 minutes,8.1,United Kingdom,David Lean,"William Holden, Alec Guinness, Jack Hawkins, Sessue Hayakawa, James Donald","English, Japanese, Thai","$3,000,000 (estimated)","$27,201,366","https://m.media-amazon.com/images/M/MV5BNzdkYmU2YmItNmZiYy00OWQyLTg0YWYtZmUxM2U3YTRiNTQ1XkEyXkFqcGc@._V1_QL75_UX190_CR0,6,190,281_.jpg",https://www.imdb.com/title/tt0050212/
172,Catch Me If You Can,2002,PG-13,2 hours 21 minutes,8.1,United States,Steven Spielberg,"Leonardo DiCaprio, Tom Hanks, Christopher Walken, Martin Sheen, Nathalie Baye","English, French","$52,000,000 (estimated)","$352,114,312","https://m.media-amazon.com/images/M/MV5BMTY5MzYzNjc5NV5BMl5BanBnXkFtZTYwNTUyNTc2._V1_QL75_UX190_CR0,0,190,281_.jpg",https://www.imdb.com/title/tt0264464/
173,Trainspotting,1996,R,1 hour 33 minutes,8.1,United Kingdom,Danny Boyle,"Ewan McGregor, Ewen Bremner, Jonny Lee Miller, Kevin McKidd, Robert Carlyle",English,"£1,500,000 (estimated)","$16,992,984","https://m.media-amazon.com/images/M/MV5BYmVkNGJkMzQtYWQwOS00OTZmLThjODQtZjNjNzllYzRiNTE0XkEyXkFqcGc@._V1_QL75_UX190_CR0,0,190,281_.jpg",https://www.imdb.com/title/tt0117951/
174,Raging Bull,1980,R,2 hours 9 minutes,8.1,United States,Martin Scorsese,"Robert De Niro, Cathy Moriarty, Joe Pesci, Frank Vincent, Nicholas Colasanto",English,"$18,000,000 (estimated)","$23,405,883","https://m.media-amazon.com/images/M/MV5BMjlkYmYyZWQtNTZkOS00ZjA0LWEwNWUtNzE2ZGNiYjg0MjA2XkEyXkFqcGc@._V1_QL75_UY281_CR1,0,190,281_.jpg",https://www.imdb.com/title/tt0081398/
175,The Wild Robot,2024,1h 42m,1 hour 42 minutes,8.2,United States,Chris Sanders,"Lupita Nyong'o, Pedro Pascal, Kit Connor, Bill Nighy, Stephanie Hsu","English, German, French, Spanish, Swahili, Japanese","$78,000,000 (estimated)","$333,165,945","https://m.media-amazon.com/images/M/MV5BZWNiZjVlZTUtNGUwYi00MjJmLTg2MDctNWEzYTJiMzY1ODc4XkEyXkFqcGc@._V1_QL75_UX190_CR0,10,190,281_.jpg",https://www.imdb.com/title/tt29623480/
176,Fargo,1996,R,1 hour 38 minutes,8.1,United Kingdom,"Joel Coen, Ethan Coen","William H. Macy, Frances McDormand, Steve Buscemi, Peter Stormare, Kristin Rudrüd",English,"$7,000,000 (estimated)","$60,611,975","https://m.media-amazon.com/images/M/MV5BNjg4MWE0MjEtODFhNy00MjA5LTg5ODktMzgwNWFmZTAwNjBlXkEyXkFqcGc@._V1_QL75_UY281_CR0,0,190,281_.jpg",https://www.imdb.com/title/tt0116282/
177,Warrior,2011,PG-13,2 hours 20 minutes,8.1,United States,Gavin O'Connor,"Tom Hardy, Nick Nolte, Joel Edgerton, Jennifer Morrison, Frank Grillo","English, Spanish","$25,000,000 (estimated)","$23,308,615","https://m.media-amazon.com/images/M/MV5BMTk4ODk5MTMyNV5BMl5BanBnXkFtZTcwMDMyNTg0Ng@@._V1_QL75_UX190_CR0,6,190,281_.jpg",https://www.imdb.com/title/tt1291584/
178,Harry Potter and the Deathly Hallows: Part 2,2011,PG-13,2 hours 10 minutes,8.1,United Kingdom,David Yates,"Daniel Radcliffe, Emma Watson, Rupert Grint, Michael Gambon, Ralph Fiennes","English, Latin","$125,000,000 (estimated)","$1,342,505,340","https://m.media-amazon.com/images/M/MV5BOTA1Mzc2N2ItZWRiNS00MjQzLTlmZDQtMjU0NmY1YWRkMGQ4XkEyXkFqcGc@._V1_QL75_UX190_CR0,2,190,281_.jpg",https://www.imdb.com/title/tt1201607/
179,Gran Torino,2008,R,1 hour 56 minutes,8.1,Germany,Clint Eastwood,"Clint Eastwood, Bee Vang, Christopher Carley, Ahney Her, Brian Haley","English, Hmong","$33,000,000 (estimated)","$269,958,228","https://m.media-amazon.com/images/M/MV5BMTc5NTk2OTU1Nl5BMl5BanBnXkFtZTcwMDc3NjAwMg@@._V1_QL75_UY281_CR0,0,190,281_.jpg",https://www.imdb.com/title/tt1205489/
180,Million Dollar Baby,2004,PG-13,2 hours 12 minutes,8.1,United States,Clint Eastwood,"Hilary Swank, Clint Eastwood, Morgan Freeman, Jay Baruchel, Mike Colter","English, Irish Gaelic, German","$30,000,000 (estimated)","$216,763,646","https://m.media-amazon.com/images/M/MV5BMTkxNzA1NDQxOV5BMl5BanBnXkFtZTcwNTkyMTIzMw@@._V1_QL75_UY281_CR1,0,190,281_.jpg",https://www.imdb.com/title/tt0405159/
181,Ben-Hur,1959,G,3 hours 32 minutes,8.1,United States,William Wyler,"Charlton Heston, Jack Hawkins, Stephen Boyd, Haya Harareet, Hugh Griffith",English,"$15,000,000 (estimated)","$74,439,376","https://m.media-amazon.com/images/M/MV5BNjg2M2E1YzYtOThmMC00NjAyLWI5MzgtMDEwOGFiODdlOGUzXkEyXkFqcGc@._V1_QL75_UX190_CR0,3,190,281_.jpg",https://www.imdb.com/title/tt0052618/
182,Mad Max: Fury Road,2015,R,2 hours,8.1,Australia,George Miller,"Tom Hardy, Charlize Theron, Nicholas Hoult, Zoë Kravitz, Hugh Keays-Byrne","English, Russian","$150,000,000 (estimated)","$380,437,267","https://m.media-amazon.com/images/M/MV5BZDRkODJhOTgtOTc1OC00NTgzLTk4NjItNDgxZDY4YjlmNDY2XkEyXkFqcGc@._V1_QL75_UX190_CR0,0,190,281_.jpg",https://www.imdb.com/title/tt1392190/
183,My Neighbor Totoro,1988,G,1 hour 26 minutes,8.1,Japan,Hayao Miyazaki,"Hitoshi Takagi, Noriko Hidaka, Chika Sakamoto, Shigesato Itoi, Sumi Shimamoto",Japanese,"$3,700,000 (estimated)","$30,419,471","https://m.media-amazon.com/images/M/MV5BYWM3MDE3YjEtMzIzZC00ODE5LTgxNTItNmUyMTBkM2M2NmNiXkEyXkFqcGc@._V1_QL75_UX190_CR0,0,190,281_.jpg",https://www.imdb.com/title/tt0096283/
184,Barry Lyndon,1975,PG,3 hours 5 minutes,8.1,United Kingdom,Stanley Kubrick,"Ryan O'Neal, Marisa Berenson, Patrick Magee, Hardy Krüger, Steven Berkoff","English, German, French","$11,000,000 (estimated)","$283,918","https://m.media-amazon.com/images/M/MV5BNmM2MGQ5Y2UtYzA3ZC00ZDJlLTkwNDYtMjBmZGExZDJiN2RlXkEyXkFqcGc@._V1_QL75_UX190_CR0,4,190,281_.jpg",https://www.imdb.com/title/tt0072684/
185,Dead Poets Society,1989,PG,2 hours 8 minutes,8.1,United States,Peter Weir,"Robin Williams, Robert Sean Leonard, Ethan Hawke, Josh Charles, Gale Hansen","English, Latin, French","$16,400,000 (estimated)","$235,860,116","https://m.media-amazon.com/images/M/MV5BMDYwNGVlY2ItMWYxMS00YjZiLWE5MTAtYWM5NWQ2ZWJjY2Q3XkEyXkFqcGc@._V1_QL75_UY281_CR0,0,190,281_.jpg",https://www.imdb.com/title/tt0097165/
186,Spider-Man: No Way Home,2021,PG-13,2 hours 28 minutes,8.2,United States,Jon Watts,"Tom Holland, Zendaya, Benedict Cumberbatch, Jacob Batalon, Jon Favreau","English, Tagalog","$200,000,000 (estimated)","$1,921,426,073","https://m.media-amazon.com/images/M/MV5BMmFiZGZjMmEtMTA0Ni00MzA2LTljMTYtZGI2MGJmZWYzZTQ2XkEyXkFqcGc@._V1_QL75_UX190_CR0,2,190,281_.jpg",https://www.imdb.com/title/tt10872600/
187,Children of Heaven,1997,PG,1 hour 29 minutes,8.2,Iran,Majid Majidi,"Reza Naji, Amir Farrokh Hashemian, Bahare Seddiqi, Nafise Jafar-Mohammadi, Fereshte Sarabandi",Persian,"$180,000 (estimated)","$933,933","https://m.media-amazon.com/images/M/MV5BZWZlMjNhNzgtZGRhOS00Y2U5LThjOTctODNjZTI0ZTBiYzBhXkEyXkFqcGc@._V1_QL75_UX190_CR0,5,190,281_.jpg",https://www.imdb.com/title/tt0118849/
188,12 Years a Slave,2013,R,2 hours 14 minutes,8.1,United Kingdom,Steve McQueen,"Chiwetel Ejiofor, Michael Kenneth Williams, Michael Fassbender, Brad Pitt, Dwight Henry",English,"$20,000,000 (estimated)","$187,734,091","https://m.media-amazon.com/images/M/MV5BMjExMTEzODkyN15BMl5BanBnXkFtZTcwNTU4NTc4OQ@@._V1_QL75_UX190_CR0,0,190,281_.jpg",https://www.imdb.com/title/tt2024544/
189,Hacksaw Ridge,2016,R,2 hours 19 minutes,8.1,United States,Mel Gibson,"Andrew Garfield, Sam Worthington, Luke Bracey, Teresa Palmer, Richard Pyros","English, Japanese","$40,000,000 (estimated)","$180,563,636","https://m.media-amazon.com/images/M/MV5BMjQ1NjM3MTUxNV5BMl5BanBnXkFtZTgwMDc5MTY5OTE@._V1_QL75_UX190_CR0,6,190,281_.jpg",https://www.imdb.com/title/tt2119532/
190,Before Sunrise,1995,R,1 hour 41 minutes,8.1,United States,Richard Linklater,"Ethan Hawke, Julie Delpy, Andrea Eckert, Hanno Pöschl, Karl Bruckschwaiger","English, German, French","$2,500,000 (estimated)","$6,568,450","https://m.media-amazon.com/images/M/MV5BZDZhZmI1ZTUtYWI3NC00NTMwLTk3NWMtNDc0OGNjM2I0ZjlmXkEyXkFqcGc@._V1_QL75_UX190_CR0,1,190,281_.jpg",https://www.imdb.com/title/tt0112471/
191,The Grand Budapest Hotel,2014,R,1 hour 39 minutes,8.1,United States,Wes Anderson,"Ralph Fiennes, F. Murray Abraham, Mathieu Amalric, Adrien Brody, Willem Dafoe","English, French, German","$25,000,000 (estimated)","$174,567,384","https://m.media-amazon.com/images/M/MV5BMzM5NjUxOTEyMl5BMl5BanBnXkFtZTgwNjEyMDM0MDE@._V1_QL75_UX190_CR0,0,190,281_.jpg",https://www.imdb.com/title/tt2278388/
192,Blade Runner,1982,R,1 hour 57 minutes,8.1,United States,Ridley Scott,"Harrison Ford, Rutger Hauer, Sean Young, Edward James Olmos, M. Emmet Walsh","English, German, Cantonese, Japanese, Hungarian, Arabic, Korean","$28,000,000 (estimated)","$41,767,218","https://m.media-amazon.com/images/M/MV5BOWQ4YTBmNTQtMDYxMC00NGFjLTkwOGQtNzdhNmY1Nzc1MzUxXkEyXkFqcGc@._V1_QL75_UX190_CR0,1,190,281_.jpg",https://www.imdb.com/title/tt0083658/
193,Gone Girl,2014,R,2 hours 29 minutes,8.1,United States,David Fincher,"Ben Affleck, Rosamund Pike, Neil Patrick Harris, Tyler Perry, Carrie Coon",English,"$61,000,000 (estimated)","$370,890,259","https://m.media-amazon.com/images/M/MV5BMTk0MDQ3MzAzOV5BMl5BanBnXkFtZTgwNzU1NzE3MjE@._V1_QL75_UY281_CR1,0,190,281_.jpg",https://www.imdb.com/title/tt2267998/
194,Memories of Murder,2003,Not Rated,2 hours 12 minutes,8.1,South Korea,Bong Joon Ho,"Song Kang-ho, Kim Sang-kyung, Kim Roe-ha, Song Jae-ho, Byun Hee-Bong","Korean, English","$2,800,000 (estimated)","$1,210,156","https://m.media-amazon.com/images/M/MV5BYmRjOWE5NmMtYTdkYS00ODFlLWJiMTMtYzE2NDZlZjlkZDQ0XkEyXkFqcGc@._V1_QL75_UX190_CR0,0,190,281_.jpg",https://www.imdb.com/title/tt0353969/
195,Ratatouille,2007,G,1 hour 51 minutes,8.1,United States,"Brad Bird, Jan Pinkava","Brad Garrett, Lou Romano, Patton Oswalt, Ian Holm, Brian Dennehy","English, French","$150,000,000 (estimated)","$623,730,087","https://m.media-amazon.com/images/M/MV5BMTMzODU0NTkxMF5BMl5BanBnXkFtZTcwMjQ4MzMzMw@@._V1_QL75_UX190_CR0,0,190,281_.jpg",https://www.imdb.com/title/tt0382932/
196,"Monsters, Inc.",2001,G,1 hour 32 minutes,8.1,United States,"Pete Docter, David Silverman, Lee Unkrich","Billy Crystal, John Goodman, Mary Gibbs, Steve Buscemi, James Coburn",English,"$115,000,000 (estimated)","$579,770,299","https://m.media-amazon.com/images/M/MV5BMTY1NTI0ODUyOF5BMl5BanBnXkFtZTgwNTEyNjQ0MDE@._V1_QL75_UX190_CR0,0,190,281_.jpg",https://www.imdb.com/title/tt0198781/
197,In the Name of the Father,1993,R,2 hours 13 minutes,8.1,Ireland,Jim Sheridan,"Daniel Day-Lewis, Pete Postlethwaite, Alison Crosbie, Philip King, Emma Thompson",English,"$13,000,000 (estimated)","$65,796,862","https://m.media-amazon.com/images/M/MV5BMGZiZDVjNzYtZWM4ZC00MzVkLThhNDEtMDJlOTBhYzVjMmNhXkEyXkFqcGc@._V1_QL75_UX190_CR0,1,190,281_.jpg",https://www.imdb.com/title/tt0107207/
198,How to Train Your Dragon,2010,PG,1 hour 38 minutes,8.1,United States,"Dean DeBlois, Chris Sanders","Jay Baruchel, Gerard Butler, Christopher Mintz-Plasse, Craig Ferguson, America Ferrera",English,"$165,000,000 (estimated)","$494,879,860","https://m.media-amazon.com/images/M/MV5BMjA5NDQyMjc2NF5BMl5BanBnXkFtZTcwMjg5ODcyMw@@._V1_QL75_UX190_CR0,1,190,281_.jpg",https://www.imdb.com/title/tt0892769/
199,Wild Tales,2014,R,2 hours 2 minutes,8.1,Argentina,Damián Szifron,"Darío Grandinetti, María Marull, Mónica Villa, Diego Starosta, Marcelo Frasca",Spanish,"$3,300,000 (estimated)","$31,478,893","https://m.media-amazon.com/images/M/MV5BNzAzMjA1ODAxOV5BMl5BanBnXkFtZTgwODg4NTQzNDE@._V1_QL75_UX190_CR0,0,190,281_.jpg",https://www.imdb.com/title/tt3011894/
200,The Gold Rush,1925,Approved,1 hour 35 minutes,8.1,United States,Charles Chaplin,"Charles Chaplin, Mack Swain, Tom Murray, Henry Bergman, Malcolm Waite","None, English","$923,000 (estimated)","$33,626","https://m.media-amazon.com/images/M/MV5BNGU1NjYzYTAtZmY0YS00NWIzLTkzNzUtYzc2ZTIyOTIxZjVhXkEyXkFqcGc@._V1_QL75_UX190_CR0,0,190,281_.jpg",https://www.imdb.com/title/tt0015864/
201,Sherlock Jr.,1924,Passed,45 minutes,8.2,United States,Buster Keaton,"Buster Keaton, Kathryn McGuire, Joe Keaton, Erwin Connelly, Ward Crane","None, English",N/A,$399,"https://m.media-amazon.com/images/M/MV5BMjQzM2E2NjYtYmRjMC00ZmVlLTljZTgtNmQ5MGZlNDYyZTc5XkEyXkFqcGc@._V1_QL75_UX190_CR0,9,190,281_.jpg",https://www.imdb.com/title/tt0015324/
202,Jaws,1975,PG,2 hours 4 minutes,8.1,United States,Steven Spielberg,"Roy Scheider, Robert Shaw, Richard Dreyfuss, Lorraine Gary, Murray Hamilton",English,"$7,000,000 (estimated)","$477,916,625","https://m.media-amazon.com/images/M/MV5BYjViNDQzNmUtYzkxZi00NTk5LTljMmItYjJlZmZkODIxNjU1XkEyXkFqcGc@._V1_QL75_UX190_CR0,5,190,281_.jpg",https://www.imdb.com/title/tt0073195/
203,Mary and Max,2009,Not Rated,1 hour 32 minutes,8.1,Australia,Adam Elliot,"Toni Collette, Philip Seymour Hoffman, Eric Bana, Barry Humphries, Christopher Massey","English, Yiddish","A$8,240,000 (estimated)","$1,740,791","https://m.media-amazon.com/images/M/MV5BNzY2Mjc4NjMtNGY4Mi00NzM5LTk3ZTQtN2VkNzVkMzRmM2Y2XkEyXkFqcGc@._V1_QL75_UY281_CR4,0,190,281_.jpg",https://www.imdb.com/title/tt0978762/
204,Ford v Ferrari,2019,PG-13,2 hours 32 minutes,8.1,United States,James Mangold,"Matt Damon, Christian Bale, Jon Bernthal, Caitríona Balfe, Josh Lucas","English, Italian, French, Japanese","$97,600,000 (estimated)","$226,299,480","https://m.media-amazon.com/images/M/MV5BOTBjNTEyNjYtYjdkNi00YzE5LTljYzUtZjVlYmYwZmJmZWYxXkEyXkFqcGc@._V1_QL75_UX190_CR0,0,190,281_.jpg",https://www.imdb.com/title/tt1950186/
205,The Deer Hunter,1978,R,3 hours 3 minutes,8.1,United States,Michael Cimino,"Robert De Niro, Christopher Walken, John Cazale, John Savage, Meryl Streep","English, Vietnamese, French, Russian, Cantonese","$15,000,000 (estimated)","$49,080,312","https://m.media-amazon.com/images/M/MV5BZGI4YmVhMzMtMWExMS00MGZiLTg2MmItM2I2MWZjODAyM2U5XkEyXkFqcGc@._V1_QL75_UY281_CR1,0,190,281_.jpg",https://www.imdb.com/title/tt0077416/
206,The General,1926,Passed,1 hour 18 minutes,8.1,United States,"Clyde Bruckman, Buster Keaton","Buster Keaton, Marion Mack, Glen Cavender, Jim Farley, Frederick Vroom",None,"$750,000 (estimated)","$1,344","https://m.media-amazon.com/images/M/MV5BMTVhM2Y1MDUtMDkxYi00Y2UxLWI2MTMtZjMzYTY4ODM4MGIzXkEyXkFqcGc@._V1_QL75_UX190_CR0,0,190,281_.jpg",https://www.imdb.com/title/tt0017925/
207,The Wages of Fear,1953,Not Rated,2 hours 36 minutes,8.1,France,Henri-Georges Clouzot,"Yves Montand, Charles Vanel, Peter van Eyck, Folco Lulli, Véra Clouzot","French, English, Spanish, German, Italian, Russian",N/A,"$22,326","https://m.media-amazon.com/images/M/MV5BMDdhOGMwODQtZGM2MS00NGQxLWEyZDMtOTkzMjFjYjI3ZmM2XkEyXkFqcGc@._V1_QL75_UY281_CR2,0,190,281_.jpg",https://www.imdb.com/title/tt0046268/
208,Mr. Smith Goes to Washington,1939,Approved,2 hours 9 minutes,8.1,United States,Frank Capra,"James Stewart, Jean Arthur, Claude Rains, Edward Arnold, Guy Kibbee",English,"$1,900,000 (estimated)","$146,123","https://m.media-amazon.com/images/M/MV5BMDU4ZjNmMjEtMjcxYi00NDAxLWFlMjQtNWIyNjg5NWUzNTdjXkEyXkFqcGc@._V1_QL75_UX190_CR0,3,190,281_.jpg",https://www.imdb.com/title/tt0031679/
209,On the Waterfront,1954,Approved,1 hour 48 minutes,8.1,United States,Elia Kazan,"Marlon Brando, Karl Malden, Lee J. Cobb, Rod Steiger, Pat Henning","English, Latin","$910,000 (estimated)","$3,768","https://m.media-amazon.com/images/M/MV5BZDJlYTM1ZGYtZTM4YS00MzFhLThiZjktYzQ0ZjAzMGYwZTU3XkEyXkFqcGc@._V1_QL75_UX190_CR0,3,190,281_.jpg",https://www.imdb.com/title/tt0047296/
210,Wild Strawberries,1957,Not Rated,1 hour 32 minutes,8.1,Sweden,Ingmar Bergman,"Victor Sjöström, Bibi Andersson, Ingrid Thulin, Gunnar Björnstrand, Jullan Kindahl","Swedish, Latin",N/A,"$81,070","https://m.media-amazon.com/images/M/MV5BZWQ5MDllM2EtZWRmNS00MmZiLWI4ZWQtMjRiY2Q5MTAxODY4XkEyXkFqcGc@._V1_QL75_UX190_CR0,4,190,281_.jpg",https://www.imdb.com/title/tt0050986/
211,Logan,2017,R,2 hours 17 minutes,8.1,United States,James Mangold,"Hugh Jackman, Patrick Stewart, Dafne Keen, Boyd Holbrook, Stephen Merchant","English, Spanish","$97,000,000 (estimated)","$619,180,476","https://m.media-amazon.com/images/M/MV5BM2JjODdkMGMtNmY2YS00OGM2LThiY2YtZGYyNzE4Nzc2ODA0XkEyXkFqcGc@._V1_QL75_UX190_CR0,2,190,281_.jpg",https://www.imdb.com/title/tt3315342/
212,Rocky,1976,PG,2 hours,8.1,United States,John G. Avildsen,"Sylvester Stallone, Talia Shire, Burt Young, Carl Weathers, Burgess Meredith","English, Spanish, Italian","$960,000 (estimated)","$117,253,345","https://m.media-amazon.com/images/M/MV5BZDEyY2M2MGMtYjg5OC00ZWFjLWFkZDQtNmQzZTdiYmYzZTBkXkEyXkFqcGc@._V1_QL75_UX190_CR0,4,190,281_.jpg",https://www.imdb.com/title/tt0075148/
213,The Third Man,1949,Approved,1 hour 44 minutes,8.1,United Kingdom,Carol Reed,"Orson Welles, Joseph Cotten, Alida Valli, Trevor Howard, Paul Hörbiger","English, German, Russian, French",N/A,"$1,421,864","https://m.media-amazon.com/images/M/MV5BNTAwZjAwZDUtNDc1Yi00OGY3LTgzMjktYjIyMjQzOWE3MmVhXkEyXkFqcGc@._V1_QL75_UX190_CR0,7,190,281_.jpg",https://www.imdb.com/title/tt0041959/
214,Tokyo Story,1953,Not Rated,2 hours 17 minutes,8.1,Japan,Yasujirô Ozu,"Chishû Ryû, Chieko Higashiyama, Sô Yamamura, Setsuko Hara, Haruko Sugimura","Japanese, English",N/A,"$93,091","https://m.media-amazon.com/images/M/MV5BODdkNzcxZjItMDU2Yy00Y2JlLWFkYTQtNzIwM2Q4MWU5MTU2XkEyXkFqcGc@._V1_QL75_UY281_CR3,0,190,281_.jpg",https://www.imdb.com/title/tt0046438/
215,Spotlight,2015,R,2 hours 9 minutes,8.1,United States,Tom McCarthy,"Mark Ruffalo, Michael Keaton, Rachel McAdams, Liev Schreiber, John Slattery",English,"$20,000,000 (estimated)","$98,690,254","https://m.media-amazon.com/images/M/MV5BMjIyOTM5OTIzNV5BMl5BanBnXkFtZTgwMDkzODE2NjE@._V1_QL75_UY281_CR0,0,190,281_.jpg",https://www.imdb.com/title/tt1895587/
216,The Big Lebowski,1998,R,1 hour 57 minutes,8.1,United Kingdom,"Joel Coen, Ethan Coen","Jeff Bridges, John Goodman, Julianne Moore, Steve Buscemi, David Huddleston","English, German, Hebrew, Spanish","$15,000,000 (estimated)","$48,261,691","https://m.media-amazon.com/images/M/MV5BY2E3OWQ5OWYtYTRkMC00NjVjLWIzZDQtNmRmM2ZiYTIyYmYxXkEyXkFqcGc@._V1_QL75_UY281_CR1,0,190,281_.jpg",https://www.imdb.com/title/tt0118715/
217,The Terminator,1984,R,1 hour 47 minutes,8.1,United Kingdom,James Cameron,"Arnold Schwarzenegger, Linda Hamilton, Michael Biehn, Paul Winfield, Lance Henriksen","English, Spanish","$6,400,000 (estimated)","$78,371,200","https://m.media-amazon.com/images/M/MV5BZmE0YzIxM2QtMGNlMi00MjRmLWE3MWMtOWQzMGVjMmU0YTFmXkEyXkFqcGc@._V1_QL75_UX190_CR0,2,190,281_.jpg",https://www.imdb.com/title/tt0088247/
218,Maharaja,2024,Nithilan Saminathan,2 hours 21 minutes,8.4,India,Nithilan Saminathan,"Vijay Sethupathi, Anurag Kashyap, Mamta Mohandas, Natarajan Subramaniam, Abhirami",Tamil,"₹200,000,000 (estimated)","$975,543","https://m.media-amazon.com/images/M/MV5BOTFlMTIxOGItZTk0Zi00MTk2LWJiM2UtMzlhZWYzNjQ4N2Y3XkEyXkFqcGc@._V1_QL75_UY281_CR11,0,190,281_.jpg",https://www.imdb.com/title/tt26548265/
219,Pirates of the Caribbean: The Curse of the Black Pearl,2003,PG-13,2 hours 23 minutes,8.1,United States,Gore Verbinski,"Johnny Depp, Geoffrey Rush, Orlando Bloom, Keira Knightley, Jack Davenport",English,"$140,000,000 (estimated)","$654,264,546","https://m.media-amazon.com/images/M/MV5BNDhlMzEyNzItMTA5Mi00YWRhLThlNTktYTQyMTA0MDIyNDEyXkEyXkFqcGc@._V1_QL75_UX190_CR0,1,190,281_.jpg",https://www.imdb.com/title/tt0325980/
220,The Seventh Seal,1957,Not Rated,1 hour 36 minutes,8.1,Sweden,Ingmar Bergman,"Max von Sydow, Gunnar Björnstrand, Bengt Ekerot, Nils Poppe, Bibi Andersson","Swedish, Latin","$150,000 (estimated)","$312,104","https://m.media-amazon.com/images/M/MV5BZDlmYTkzOWUtODQ0MS00MmM4LWE3ZjMtYTEwNGUwMmJkYzIxXkEyXkFqcGc@._V1_QL75_UY281_CR2,0,190,281_.jpg",https://www.imdb.com/title/tt0050976/
221,Room,2015,R,1 hour 58 minutes,8.1,Ireland,Lenny Abrahamson,"Brie Larson, Jacob Tremblay, Sean Bridgers, Wendy Crewson, Sandy McMaster",English,"$13,000,000 (estimated)","$35,402,766","https://m.media-amazon.com/images/M/MV5BMjE4NzgzNzEwMl5BMl5BanBnXkFtZTgwMTMzMDE0NjE@._V1_QL75_UX190_CR0,0,190,281_.jpg",https://www.imdb.com/title/tt3170832/
222,La haine,1995,Not Rated,1 hour 38 minutes,8.1,France,Mathieu Kassovitz,"Vincent Cassel, Hubert Koundé, Saïd Taghmaoui, Abdel Ahmed Ghili, Solo","French, Yiddish","€2,590,000 (estimated)","$760,243","https://m.media-amazon.com/images/M/MV5BMThlMDA3NDYtZGM2Zi00NmJhLThlYWItZjViZTkzZWU1ZWRiXkEyXkFqcGc@._V1_QL75_UX190_CR0,1,190,281_.jpg",https://www.imdb.com/title/tt0113247/
223,Jai Bhim,2021,Approved,2 hours 44 minutes,8.6,India,T.J. Gnanavel,"Suriya, Lijo Mol Jose, Manikandan K., Rajisha Vijayan, Prakash Raj",Tamil,N/A,N/A,"https://m.media-amazon.com/images/M/MV5BZjEyNDIzNmEtMjdkYS00ZDAwLTljOWYtNDRhYTVhYTlmOTk1XkEyXkFqcGc@._V1_QL75_UY281_CR18,0,190,281_.jpg",https://www.imdb.com/title/tt15097216/
224,Hotel Rwanda,2004,PG-13,2 hours 1 minute,8.1,United States,Terry George,"Don Cheadle, Sophie Okonedo, Joaquin Phoenix, Xolani Mali, Desmond Dube","English, French, Kinyarwanda","$17,500,000 (estimated)","$33,882,243","https://m.media-amazon.com/images/M/MV5BY2FmMWRmZmQtN2IzMS00OGVmLWFmNjktMTM0YWQzODcwYTEwXkEyXkFqcGc@._V1_QL75_UY281_CR0,0,190,281_.jpg",https://www.imdb.com/title/tt0395169/
225,Platoon,1986,R,2 hours,8.1,United States,Oliver Stone,"Charlie Sheen, Tom Berenger, Willem Dafoe, Keith David, Forest Whitaker","English, Vietnamese","$6,000,000 (estimated)","$138,546,255","https://m.media-amazon.com/images/M/MV5BZjE4YjllODAtZGMxZS00Mjg2LThkOWUtZjNkMjQ5YThiNDU4XkEyXkFqcGc@._V1_QL75_UX190_CR0,8,190,281_.jpg",https://www.imdb.com/title/tt0091763/
226,The Best Years of Our Lives,1946,Approved,2 hours 50 minutes,8.1,United States,William Wyler,"Myrna Loy, Dana Andrews, Fredric March, Teresa Wright, Virginia Mayo",English,"$2,100,000 (estimated)","$23,667,133","https://m.media-amazon.com/images/M/MV5BNTgxMzUyODQtMDJmZC00ZGMyLWI3MzAtZTYwYjBjZjFmMzIxXkEyXkFqcGc@._V1_QL75_UX190_CR0,2,190,281_.jpg",https://www.imdb.com/title/tt0036868/
227,Before Sunset,2004,R,1 hour 20 minutes,8.1,France,Richard Linklater,"Ethan Hawke, Julie Delpy, Vernon Dobtcheff, Louise Lemoine Torrès, Rodolphe Pauly","English, French","$2,700,000 (estimated)","$16,506,532","https://m.media-amazon.com/images/M/MV5BMTQ1MjAwNTM5Ml5BMl5BanBnXkFtZTYwNDM0MTc3._V1_QL75_UY281_CR0,0,190,281_.jpg",https://www.imdb.com/title/tt0381681/
228,The Exorcist,1973,R,2 hours 2 minutes,8.1,United States,William Friedkin,"Ellen Burstyn, Max von Sydow, Linda Blair, Lee J. Cobb, Kitty Winn","English, Latin, Greek, French, German, Arabic, Kurdish","$11,000,000 (estimated)","$430,872,776","https://m.media-amazon.com/images/M/MV5BZjg3YjE4ZjAtYTdmYS00ZTBkLWE1ZjgtNzAzODUwNzRiYjlmXkEyXkFqcGc@._V1_QL75_UX190_CR0,4,190,281_.jpg",https://www.imdb.com/title/tt0070047/
229,The Sound of Music,1965,G,2 hours 52 minutes,8.1,United States,Robert Wise,"Julie Andrews, Christopher Plummer, Eleanor Parker, Richard Haydn, Peggy Wood","English, German","$8,200,000 (estimated)","$159,500,547","https://m.media-amazon.com/images/M/MV5BYWJhYmU4MjQtZDJhYi00ZGVjLTlkNTEtNzkzNGVjOWQ3MjcwXkEyXkFqcGc@._V1_QL75_UX190_CR0,2,190,281_.jpg",https://www.imdb.com/title/tt0059742/
230,The Passion of Joan of Arc,1928,Passed,1 hour 54 minutes,8.1,France,Carl Theodor Dreyer,"Maria Falconetti, Eugene Silvain, André Berley, Maurice Schutz, Antonin Artaud","None, French, Latin",N/A,"$22,731","https://m.media-amazon.com/images/M/MV5BYWMwMzEyYWQtYTlmNi00MTg0LTliYjUtZTFhMTMxOGEyNjNlXkEyXkFqcGc@._V1_QL75_UX190_CR0,2,190,281_.jpg",https://www.imdb.com/title/tt0019254/
231,The Incredibles,2004,PG,1 hour 55 minutes,8.0,United States,Brad Bird,"Craig T. Nelson, Samuel L. Jackson, Holly Hunter, Jason Lee, Dominique Louis","English, French, German, Italian, Portuguese, Russian","$92,000,000 (estimated)","$631,688,498","https://m.media-amazon.com/images/M/MV5BMTY5OTU0OTc2NV5BMl5BanBnXkFtZTcwMzU4MDcyMQ@@._V1_QL75_UX190_CR0,0,190,281_.jpg",https://www.imdb.com/title/tt0317705/
232,The Wizard of Oz,1939,G,1 hour 42 minutes,8.1,United States,"Victor Fleming, King Vidor","Judy Garland, Frank Morgan, Ray Bolger, Bert Lahr, Jack Haley",English,"$2,777,000 (estimated)","$25,637,669","https://m.media-amazon.com/images/M/MV5BYWRmY2I0MGItYTQ0OC00NWZmLWIwMDktYjJlNDc0MzVhMmViXkEyXkFqcGc@._V1_QL75_UX190_CR0,3,190,281_.jpg",https://www.imdb.com/title/tt0032138/
233,I'm Still Here,2024,2h 17m,2 hours 17 minutes,8.2,Brazil,Walter Salles,"Fernanda Torres, Fernanda Montenegro, Selton Mello, Valentina Herszage, Maria Manoella","Portuguese, French",N/A,"$36,112,960","https://m.media-amazon.com/images/M/MV5BM2FjMjBiZjgtZDkyYy00YTRlLTk5N2QtODE2ZWIyYWE0Yzg0XkEyXkFqcGc@._V1_QL75_UX190_CR0,0,190,281_.jpg",https://www.imdb.com/title/tt14961016/
234,Hachi: A Dog's Tale,2009,G,1 hour 33 minutes,8.1,United Kingdom,Lasse Hallström,"Richard Gere, Joan Allen, Cary-Hiroyuki Tagawa, Sarah Roemer, Jason Alexander","English, Japanese","$16,000,000 (estimated)","$46,749,646","https://m.media-amazon.com/images/M/MV5BNTU5NjYyYTgtZGQ3My00MzRhLThjNGYtZmVjN2JjYjhkMjhhXkEyXkFqcGc@._V1_QL75_UX190_CR0,1,190,281_.jpg",https://www.imdb.com/title/tt1028532/
235,Rush,2013,R,2 hours 3 minutes,8.1,United Kingdom,Ron Howard,"Daniel Brühl, Chris Hemsworth, Olivia Wilde, Alexandra Maria Lara, Pierfrancesco Favino","English, German, Italian, French, Japanese, Spanish","$38,000,000 (estimated)","$96,992,516","https://m.media-amazon.com/images/M/MV5BMTZhOGQxM2ItNGQyYy00YzE5LWI5MjMtNmMzNGQzNDE1OTUzXkEyXkFqcGc@._V1_QL75_UX190_CR0,0,190,281_.jpg",https://www.imdb.com/title/tt1979320/
236,Stand by Me,1986,R,1 hour 29 minutes,8.1,United States,Rob Reiner,"Wil Wheaton, River Phoenix, Corey Feldman, Jerry O'Connell, Kiefer Sutherland",English,"$8,000,000 (estimated)","$53,525,035","https://m.media-amazon.com/images/M/MV5BNGJkNTUwM2MtZWE2MS00YjNkLWE3MjktNWQwZDQxMDIyZWVmXkEyXkFqcGc@._V1_QL75_UX190_CR0,9,190,281_.jpg",https://www.imdb.com/title/tt0092005/
237,My Father and My Son,2005,1h 52m,1 hour 52 minutes,8.2,Turkey,Çagan Irmak,"Çetin Tekindor, Fikret Kuskan, Hümeyra, Ege Tanman, Serif Sezer",Turkish,N/A,"$18,612,999","https://m.media-amazon.com/images/M/MV5BZDE3MTBkNmQtNGFjMC00YTcwLWExY2ItN2MyMGZkNWJlMmFmXkEyXkFqcGc@._V1_QL75_UX190_CR0,2,190,281_.jpg",https://www.imdb.com/title/tt0476735/
238,Network,1976,R,2 hours 1 minute,8.1,United States,Sidney Lumet,"Faye Dunaway, William Holden, Peter Finch, Robert Duvall, Wesley Addy",English,"$3,800,000 (estimated)","$23,701,317","https://m.media-amazon.com/images/M/MV5BY2E4ZGJiNTMtZTAxZC00MmVlLWI1NjYtMGVhMjhkOGEwZDhjXkEyXkFqcGc@._V1_QL75_UX190_CR0,5,190,281_.jpg",https://www.imdb.com/title/tt0074958/
239,The Iron Giant,1999,PG,1 hour 26 minutes,8.1,United States,Brad Bird,"Eli Marienthal, Harry Connick Jr., Jennifer Aniston, Vin Diesel, James Gammon",English,"$70,000,000 (estimated)","$23,338,352","https://m.media-amazon.com/images/M/MV5BODM4ZjZjMGEtYmFiMy00MThjLWIzZjUtMDU0ODg1NTI2MzIwXkEyXkFqcGc@._V1_QL75_UX190_CR0,0,190,281_.jpg",https://www.imdb.com/title/tt0129167/
240,The Handmaiden,2016,Not Rated,2 hours 25 minutes,8.1,South Korea,Park Chan-wook,"Kim Min-hee, Ha Jung-woo, Cho Jin-woong, Moon So-ri, Kim Tae-ri","Korean, Japanese","₩10,000,000,000 (estimated)","$37,863,670","https://m.media-amazon.com/images/M/MV5BOTllZDI1OGItOGUxNS00OGZhLWIzMjAtYzllZTY1YTA0ZmYwXkEyXkFqcGc@._V1_QL75_UY281_CR3,0,190,281_.jpg",https://www.imdb.com/title/tt4016934/
241,A Silent Voice: The Movie,2016,Not Rated,2 hours 10 minutes,8.1,Japan,Naoko Yamada,"Miyu Irino, Saori Hayami, Aoi Yûki, Kenshô Ono, Yûki Kaneko","Japanese, Japanese Sign Language, English",N/A,"$30,819,442","https://m.media-amazon.com/images/M/MV5BOTFiNzRiOWEtYTQwNy00NmRiLWE0ZWYtNTE0YjExZjFmZjkwXkEyXkFqcGc@._V1_QL75_UY281_CR3,0,190,281_.jpg",https://www.imdb.com/title/tt5323662/
242,The Battle of Algiers,1966,Not Rated,2 hours 1 minute,8.1,Italy,Gillo Pontecorvo,"Brahim Hadjadj, Jean Martin, Yacef Saadi, Samia Kerbash, Ugo Paletti","Arabic, French, English, Spanish","$800,000 (estimated)","$962,002","https://m.media-amazon.com/images/M/MV5BMTY2Mjk0OGEtYTM3Yy00ZWZiLWFhNjAtNGExMjEzNGVmMDMxXkEyXkFqcGc@._V1_QL75_UX190_CR0,4,190,281_.jpg",https://www.imdb.com/title/tt0058946/
243,To Be or Not to Be,1942,Approved,1 hour 39 minutes,8.1,United States,Ernst Lubitsch,"Carole Lombard, Jack Benny, Robert Stack, Felix Bressart, Lionel Atwill","English, German, French",N/A,"$4,578,000","https://m.media-amazon.com/images/M/MV5BMTA5OTRkZGUtNDhhOS00OThmLTgwZWYtZGZkM2M4YjZhNzc5XkEyXkFqcGc@._V1_QL75_UX190_CR0,1,190,281_.jpg",https://www.imdb.com/title/tt0035446/
244,The Grapes of Wrath,1940,Approved,2 hours 9 minutes,8.1,United States,John Ford,"Henry Fonda, Jane Darwell, John Carradine, Charley Grapewin, Dorris Bowdon",English,"$800,000 (estimated)","$7,304","https://m.media-amazon.com/images/M/MV5BZDgzZjk3OGYtNWI2Ny00MDg3LTgwYWEtNjI1ODAxNjA3ZmFlXkEyXkFqcGc@._V1_QL75_UX190_CR0,0,190,281_.jpg",https://www.imdb.com/title/tt0032551/
245,Into the Wild,2007,R,2 hours 28 minutes,8.0,United States,Sean Penn,"Emile Hirsch, Vince Vaughn, Catherine Keener, Marcia Gay Harden, William Hurt","English, Danish","$15,000,000 (estimated)","$56,676,733","https://m.media-amazon.com/images/M/MV5BNTgwZTJhNWMtNzVjMy00YzQzLWI4MTAtYmJhOGQ5ZmQ3MDM0XkEyXkFqcGc@._V1_QL75_UY281_CR0,0,190,281_.jpg",https://www.imdb.com/title/tt0758758/
246,Groundhog Day,1993,PG,1 hour 41 minutes,8.0,United States,Harold Ramis,"Bill Murray, Andie MacDowell, Chris Elliott, Stephen Tobolowsky, Brian Doyle-Murray","English, French, Italian","$14,600,000 (estimated)","$71,108,778","https://m.media-amazon.com/images/M/MV5BOWE3MjQ3ZDAtNDQ2MC00YjBjLTk0ZWYtNjQ0YzQ4YWE3YTEyXkEyXkFqcGc@._V1_QL75_UX190_CR0,1,190,281_.jpg",https://www.imdb.com/title/tt0107048/
247,The Help,2011,PG-13,2 hours 26 minutes,8.1,United States,Tate Taylor,"Viola Davis, Emma Stone, Octavia Spencer, Bryce Dallas Howard, Jessica Chastain",English,"$25,000,000 (estimated)","$221,802,186","https://m.media-amazon.com/images/M/MV5BMTM5OTMyMjIxOV5BMl5BanBnXkFtZTcwNzU4MjIwNQ@@._V1_QL75_UX190_CR0,0,190,281_.jpg",https://www.imdb.com/title/tt1454029/
248,Amores Perros,2000,R,2 hours 34 minutes,8.0,Mexico,Alejandro G. Iñárritu,"Emilio Echevarría, Gael García Bernal, Goya Toledo, Álvaro Guerrero, Vanessa Bauche",Spanish,"$2,000,000 (estimated)","$20,908,467","https://m.media-amazon.com/images/M/MV5BMmUzNDI1MDYtNmIxNC00NjczLTk0ZDEtYWFkZDcxMWVhYTEwXkEyXkFqcGc@._V1_QL75_UX190_CR0,1,190,281_.jpg",https://www.imdb.com/title/tt0245712/
249,Gangs of Wasseypur,2012,Not Rated,5 hours 21 minutes,8.2,India,Anurag Kashyap,"Manoj Bajpayee, Nawazuddin Siddiqui, Tigmanshu Dhulia, Richa Chadha, Reema Sen",Hindi,"₹184,000,000 (estimated)","$4,384,642","https://m.media-amazon.com/images/M/MV5BMTc5NjY4MjUwNF5BMl5BanBnXkFtZTgwODM3NzM5MzE@._V1_QL75_UX190_CR0,0,190,281_.jpg",https://www.imdb.com/title/tt1954470/
250,Drishyam,2015,Not Rated,2 hours 43 minutes,8.2,India,Nishikant Kamat,"Ajay Devgn, Shriya Saran, Tabu, Rajat Kapoor, Ishita Dutta","Hindi, English","$9,400,000 (estimated)",N/A,"https://m.media-amazon.com/images/M/MV5BM2NmMGFjYTYtNWEwNS00MTM4LWE2ZTktNzZjMTE0OTQyNjFiXkEyXkFqcGc@._V1_QL75_UY281_CR2,0,190,281_.jpg",https://www.imdb.com/title/tt4430212/
